{
  "firstLayout": "",
  "gdVersion": {
    "build": 98,
    "major": 4,
    "minor": 0,
    "revision": 0
  },
  "properties": {
    "adaptGameResolutionAtRuntime": true,
    "folderProject": false,
    "linuxExecutableFilename": "",
    "macExecutableFilename": "",
    "orientation": "landscape",
    "packageName": "com.example.gamename",
    "projectFile": "C:\\Users\\hbphoenix\\Desktop\\Spermy\\game.json",
    "scaleMode": "linear",
    "sizeOnStartupMode": "adaptWidth",
    "useExternalSourceFiles": false,
    "version": "1.0.0",
    "winExecutableFilename": "",
    "winExecutableIconFile": "",
    "name": "Spermy's Spectacular Story",
    "author": "",
    "windowWidth": 800,
    "windowHeight": 600,
    "latestCompilationDirectory": "",
    "maxFPS": 60,
    "minFPS": 20,
    "verticalSync": false,
    "platformSpecificAssets": {},
    "loadingScreen": {
      "showGDevelopSplash": true
    },
    "extensionProperties": [],
    "extensions": [
      {
        "name": "BuiltinObject"
      },
      {
        "name": "BuiltinAudio"
      },
      {
        "name": "BuiltinVariables"
      },
      {
        "name": "BuiltinTime"
      },
      {
        "name": "BuiltinMouse"
      },
      {
        "name": "BuiltinKeyboard"
      },
      {
        "name": "BuiltinJoystick"
      },
      {
        "name": "BuiltinCamera"
      },
      {
        "name": "BuiltinWindow"
      },
      {
        "name": "BuiltinFile"
      },
      {
        "name": "BuiltinNetwork"
      },
      {
        "name": "BuiltinScene"
      },
      {
        "name": "BuiltinAdvanced"
      },
      {
        "name": "Sprite"
      },
      {
        "name": "BuiltinCommonInstructions"
      },
      {
        "name": "BuiltinCommonConversions"
      },
      {
        "name": "BuiltinStringInstructions"
      },
      {
        "name": "BuiltinMathematicalTools"
      },
      {
        "name": "BuiltinExternalLayouts"
      }
    ],
    "platforms": [
      {
        "name": "GDevelop JS platform"
      }
    ],
    "currentPlatform": "GDevelop JS platform"
  },
  "resources": {
    "resources": [
      {
        "file": "Pixeboy-z8XGD.ttf",
        "kind": "font",
        "metadata": "",
        "name": "Pixeboy-z8XGD.ttf",
        "userAdded": true
      },
      {
        "alwaysLoaded": false,
        "file": "spermy.png.png",
        "kind": "image",
        "metadata": "",
        "name": "spermy.png.png",
        "smoothed": true,
        "userAdded": false
      },
      {
        "alwaysLoaded": false,
        "file": "spermy.png-1.png.png",
        "kind": "image",
        "metadata": "",
        "name": "spermy.png-1.png.png",
        "smoothed": true,
        "userAdded": false
      },
      {
        "alwaysLoaded": false,
        "file": "spermy.png-1.png (1).png",
        "kind": "image",
        "metadata": "",
        "name": "spermy.png-1.png (1).png",
        "smoothed": true,
        "userAdded": true
      },
      {
        "alwaysLoaded": false,
        "file": "Toptile.png",
        "kind": "image",
        "metadata": "",
        "name": "Toptile.png",
        "smoothed": true,
        "userAdded": true
      },
      {
        "alwaysLoaded": false,
        "file": "Toptile-1.png.png",
        "kind": "image",
        "metadata": "",
        "name": "Toptile-1.png.png",
        "smoothed": true,
        "userAdded": false
      },
      {
        "alwaysLoaded": false,
        "file": "Toptile-1.png (1).png",
        "kind": "image",
        "metadata": "",
        "name": "Toptile-1.png (1).png",
        "smoothed": true,
        "userAdded": false
      },
      {
        "alwaysLoaded": false,
        "file": "BG-1.png",
        "kind": "image",
        "metadata": "",
        "name": "BG-1.png",
        "smoothed": true,
        "userAdded": true
      },
      {
        "alwaysLoaded": false,
        "file": "Valve-1.png",
        "kind": "image",
        "metadata": "",
        "name": "Valve-1.png",
        "smoothed": true,
        "userAdded": true
      },
      {
        "alwaysLoaded": false,
        "file": "Restart-1.png",
        "kind": "image",
        "metadata": "",
        "name": "Restart-1.png",
        "smoothed": true,
        "userAdded": true
      },
      {
        "alwaysLoaded": false,
        "file": "Wall-1.png",
        "kind": "image",
        "metadata": "",
        "name": "Wall-1.png",
        "smoothed": true,
        "userAdded": true
      },
      {
        "alwaysLoaded": false,
        "file": "Left-1.png",
        "kind": "image",
        "metadata": "",
        "name": "Left-1.png",
        "smoothed": true,
        "userAdded": true
      },
      {
        "alwaysLoaded": false,
        "file": "Right-1.png",
        "kind": "image",
        "metadata": "",
        "name": "Right-1.png",
        "smoothed": true,
        "userAdded": false
      },
      {
        "alwaysLoaded": false,
        "file": "Moving-1.png",
        "kind": "image",
        "metadata": "",
        "name": "Moving-1.png",
        "smoothed": true,
        "userAdded": true
      },
      {
        "alwaysLoaded": false,
        "file": "Up-1.png",
        "kind": "image",
        "metadata": "",
        "name": "Up-1.png",
        "smoothed": true,
        "userAdded": true
      },
      {
        "alwaysLoaded": false,
        "file": "Up-1-0.png",
        "kind": "image",
        "metadata": "",
        "name": "Up-1-0.png",
        "smoothed": true,
        "userAdded": true
      },
      {
        "file": "jump_07.wav",
        "kind": "audio",
        "metadata": "",
        "name": "jump_07.wav",
        "userAdded": true
      },
      {
        "file": "MainMenuSong.wav",
        "kind": "audio",
        "metadata": "",
        "name": "MainMenuSong.wav",
        "userAdded": true
      },
      {
        "file": "Level01.wav",
        "kind": "audio",
        "metadata": "",
        "name": "Level01.wav",
        "userAdded": true
      },
      {
        "alwaysLoaded": false,
        "file": "spermy enemy.png",
        "kind": "image",
        "metadata": "",
        "name": "spermy enemy.png",
        "smoothed": true,
        "userAdded": true
      },
      {
        "alwaysLoaded": false,
        "file": "NewObject-1.png",
        "kind": "image",
        "metadata": "",
        "name": "NewObject-1.png",
        "smoothed": true,
        "userAdded": true
      },
      {
        "alwaysLoaded": false,
        "file": "spermyenemy-1.png",
        "kind": "image",
        "metadata": "",
        "name": "spermyenemy-1.png",
        "smoothed": true,
        "userAdded": false
      },
      {
        "alwaysLoaded": false,
        "file": "spermyenemy-2.png",
        "kind": "image",
        "metadata": "",
        "name": "spermyenemy-2.png",
        "smoothed": true,
        "userAdded": false
      },
      {
        "alwaysLoaded": false,
        "file": "spermyenemy-3.png",
        "kind": "image",
        "metadata": "",
        "name": "spermyenemy-3.png",
        "smoothed": true,
        "userAdded": false
      },
      {
        "alwaysLoaded": false,
        "file": "spermyenemy-4.png",
        "kind": "image",
        "metadata": "",
        "name": "spermyenemy-4.png",
        "smoothed": true,
        "userAdded": false
      },
      {
        "alwaysLoaded": false,
        "file": "spermyenemy-5.png",
        "kind": "image",
        "metadata": "",
        "name": "spermyenemy-5.png",
        "smoothed": true,
        "userAdded": false
      },
      {
        "alwaysLoaded": false,
        "file": "spermyenemy-left1.png",
        "kind": "image",
        "metadata": "",
        "name": "spermyenemy-left1.png",
        "smoothed": true,
        "userAdded": false
      },
      {
        "alwaysLoaded": false,
        "file": "spermyenemy-left2.png",
        "kind": "image",
        "metadata": "",
        "name": "spermyenemy-left2.png",
        "smoothed": true,
        "userAdded": false
      },
      {
        "alwaysLoaded": false,
        "file": "spermyenemy-left3.png",
        "kind": "image",
        "metadata": "",
        "name": "spermyenemy-left3.png",
        "smoothed": true,
        "userAdded": false
      },
      {
        "alwaysLoaded": false,
        "file": "spermyenemy-left4.png",
        "kind": "image",
        "metadata": "",
        "name": "spermyenemy-left4.png",
        "smoothed": true,
        "userAdded": false
      },
      {
        "alwaysLoaded": false,
        "file": "spermyenemy-left5.png",
        "kind": "image",
        "metadata": "",
        "name": "spermyenemy-left5.png",
        "smoothed": true,
        "userAdded": false
      },
      {
        "alwaysLoaded": false,
        "file": "platform.png",
        "kind": "image",
        "metadata": "",
        "name": "platform.png",
        "smoothed": true,
        "userAdded": true
      },
      {
        "alwaysLoaded": false,
        "file": "spermyenemy-dead-left1.png",
        "kind": "image",
        "metadata": "",
        "name": "spermyenemy-dead-left1.png",
        "smoothed": true,
        "userAdded": true
      },
      {
        "alwaysLoaded": false,
        "file": "spermyenemy-dead-left2.png",
        "kind": "image",
        "metadata": "",
        "name": "spermyenemy-dead-left2.png",
        "smoothed": true,
        "userAdded": true
      },
      {
        "alwaysLoaded": false,
        "file": "spermyenemy-dead-left3.png",
        "kind": "image",
        "metadata": "",
        "name": "spermyenemy-dead-left3.png",
        "smoothed": true,
        "userAdded": true
      },
      {
        "alwaysLoaded": false,
        "file": "spermyenemy-dead-right1.png",
        "kind": "image",
        "metadata": "",
        "name": "spermyenemy-dead-right1.png",
        "smoothed": true,
        "userAdded": true
      },
      {
        "alwaysLoaded": false,
        "file": "spermyenemy-dead-right2.png",
        "kind": "image",
        "metadata": "",
        "name": "spermyenemy-dead-right2.png",
        "smoothed": true,
        "userAdded": true
      },
      {
        "alwaysLoaded": false,
        "file": "spermyenemy-dead-right3.png",
        "kind": "image",
        "metadata": "",
        "name": "spermyenemy-dead-right3.png",
        "smoothed": true,
        "userAdded": true
      }
    ],
    "resourceFolders": []
  },
  "objects": [],
  "objectsGroups": [],
  "variables": [
    {
      "name": "Health",
      "value": ""
    }
  ],
  "layouts": [
    {
      "b": 209,
      "disableInputWhenNotFocused": true,
      "mangledName": "MainMenu",
      "name": "MainMenu",
      "oglFOV": 90,
      "oglZFar": 500,
      "oglZNear": 1,
      "r": 209,
      "standardSortMethod": true,
      "stopSoundsOnStartup": true,
      "title": "",
      "v": 209,
      "uiSettings": {
        "grid": false,
        "gridB": 255,
        "gridG": 180,
        "gridHeight": 32,
        "gridOffsetX": 0,
        "gridOffsetY": 0,
        "gridR": 158,
        "gridWidth": 32,
        "snap": true,
        "windowMask": false,
        "zoomFactor": 0.97
      },
      "objectsGroups": [],
      "variables": [],
      "instances": [
        {
          "angle": 0,
          "customSize": true,
          "height": 657,
          "layer": "",
          "locked": false,
          "name": "NewObject",
          "persistentUuid": "99558b47-d9c3-461e-9d02-4abbacd01720",
          "width": 839,
          "x": -21,
          "y": -18,
          "zOrder": 4,
          "numberProperties": [],
          "stringProperties": [],
          "initialVariables": []
        },
        {
          "angle": 0,
          "customSize": false,
          "height": 0,
          "layer": "",
          "locked": false,
          "name": "Title",
          "persistentUuid": "780a6fa2-63e0-4fa0-bcf3-a163b489dd1f",
          "width": 0,
          "x": 34,
          "y": 53,
          "zOrder": 5,
          "numberProperties": [],
          "stringProperties": [],
          "initialVariables": []
        },
        {
          "angle": 0,
          "customSize": false,
          "height": 0,
          "layer": "",
          "locked": false,
          "name": "StartGame",
          "persistentUuid": "e1eae6a0-be2f-4529-a0ae-267580bd1a92",
          "width": 0,
          "x": 180,
          "y": 517,
          "zOrder": 6,
          "numberProperties": [],
          "stringProperties": [],
          "initialVariables": []
        },
        {
          "angle": 0,
          "customSize": true,
          "height": 484,
          "layer": "",
          "locked": false,
          "name": "Spermy",
          "persistentUuid": "1eadc516-7ff5-451c-841a-d23272c531b8",
          "width": 524,
          "x": 119,
          "y": 34,
          "zOrder": 7,
          "numberProperties": [],
          "stringProperties": [],
          "initialVariables": []
        }
      ],
      "objects": [
        {
          "name": "Spermy",
          "tags": "",
          "type": "Sprite",
          "updateIfNotVisible": false,
          "variables": [],
          "behaviors": [],
          "animations": [
            {
              "name": "",
              "useMultipleDirections": false,
              "directions": [
                {
                  "looping": false,
                  "timeBetweenFrames": 0.08,
                  "sprites": [
                    {
                      "hasCustomCollisionMask": false,
                      "image": "spermy.png-1.png.png",
                      "points": [],
                      "originPoint": {
                        "name": "origine",
                        "x": 0,
                        "y": 0
                      },
                      "centerPoint": {
                        "automatic": true,
                        "name": "centre",
                        "x": 0,
                        "y": 0
                      },
                      "customCollisionMask": []
                    }
                  ]
                }
              ]
            }
          ]
        },
        {
          "bold": false,
          "italic": false,
          "name": "Title",
          "smoothed": true,
          "tags": "",
          "type": "TextObject::Text",
          "underlined": false,
          "variables": [],
          "behaviors": [],
          "string": "Spermy's Spectacular Adventure",
          "font": "Pixeboy-z8XGD.ttf",
          "characterSize": 56,
          "color": {
            "b": 255,
            "g": 255,
            "r": 255
          }
        },
        {
          "bold": false,
          "italic": false,
          "name": "StartGame",
          "smoothed": true,
          "tags": "",
          "type": "TextObject::Text",
          "underlined": false,
          "variables": [],
          "behaviors": [],
          "string": "Press Enter to Start Game",
          "font": "Pixeboy-z8XGD.ttf",
          "characterSize": 40,
          "color": {
            "b": 255,
            "g": 255,
            "r": 255
          }
        },
        {
          "bottomMargin": 0,
          "height": 32,
          "leftMargin": 0,
          "name": "NewObject",
          "rightMargin": 0,
          "tags": "",
          "texture": "BG-1.png",
          "tiled": false,
          "topMargin": 0,
          "type": "PanelSpriteObject::PanelSprite",
          "width": 32,
          "variables": [],
          "behaviors": []
        }
      ],
      "events": [
        {
          "disabled": false,
          "folded": false,
          "type": "BuiltinCommonInstructions::Standard",
          "conditions": [],
          "actions": [
            {
              "type": {
                "inverted": false,
                "value": "TextObject::SetTextAlignment"
              },
              "parameters": [
                "Title",
                "\"center\""
              ],
              "subInstructions": []
            },
            {
              "type": {
                "inverted": false,
                "value": "TextObject::SetTextAlignment"
              },
              "parameters": [
                "StartGame",
                "\"center\""
              ],
              "subInstructions": []
            }
          ],
          "events": []
        },
        {
          "disabled": false,
          "folded": false,
          "type": "BuiltinCommonInstructions::Standard",
          "conditions": [
            {
              "type": {
                "inverted": false,
                "value": "KeyPressed"
              },
              "parameters": [
                "",
                "Return"
              ],
              "subInstructions": []
            }
          ],
          "actions": [
            {
              "type": {
                "inverted": false,
                "value": "Scene"
              },
              "parameters": [
                "",
                "\"Intro\"",
                "no"
              ],
              "subInstructions": []
            }
          ],
          "events": []
        },
        {
          "disabled": false,
          "folded": false,
          "type": "BuiltinCommonInstructions::Standard",
          "conditions": [
            {
              "type": {
                "inverted": false,
                "value": "DepartScene"
              },
              "parameters": [
                ""
              ],
              "subInstructions": []
            }
          ],
          "actions": [
            {
              "type": {
                "inverted": false,
                "value": "PlayMusic"
              },
              "parameters": [
                "",
                "MainMenuSong.wav",
                "yes",
                "",
                ""
              ],
              "subInstructions": []
            }
          ],
          "events": []
        }
      ],
      "layers": [
        {
          "ambientLightColorB": 0,
          "ambientLightColorG": 0,
          "ambientLightColorR": 0,
          "followBaseLayerCamera": false,
          "isLightingLayer": false,
          "name": "",
          "visibility": true,
          "cameras": [
            {
              "defaultSize": true,
              "defaultViewport": true,
              "height": 0,
              "viewportBottom": 1,
              "viewportLeft": 0,
              "viewportRight": 1,
              "viewportTop": 0,
              "width": 0
            }
          ],
          "effects": []
        }
      ],
      "behaviorsSharedData": []
    },
    {
      "b": 209,
      "disableInputWhenNotFocused": true,
      "mangledName": "Intro",
      "name": "Intro",
      "oglFOV": 90,
      "oglZFar": 500,
      "oglZNear": 1,
      "r": 209,
      "standardSortMethod": true,
      "stopSoundsOnStartup": true,
      "title": "",
      "v": 209,
      "uiSettings": {
        "grid": false,
        "gridB": 255,
        "gridG": 180,
        "gridHeight": 32,
        "gridOffsetX": 0,
        "gridOffsetY": 0,
        "gridR": 158,
        "gridWidth": 32,
        "snap": true,
        "windowMask": false,
        "zoomFactor": 1
      },
      "objectsGroups": [],
      "variables": [],
      "instances": [
        {
          "angle": 0,
          "customSize": true,
          "height": 651,
          "layer": "",
          "locked": false,
          "name": "NewObject",
          "persistentUuid": "642ce518-5b9e-4036-b1d4-7883ff4d7c14",
          "width": 831,
          "x": -16,
          "y": -18,
          "zOrder": 3,
          "numberProperties": [],
          "stringProperties": [],
          "initialVariables": []
        },
        {
          "angle": 0,
          "customSize": true,
          "height": 312,
          "layer": "",
          "locked": false,
          "name": "Desc",
          "persistentUuid": "5b664f5b-ca7d-4c4e-a451-95d546eec042",
          "width": 460,
          "x": 162,
          "y": 94,
          "zOrder": 4,
          "numberProperties": [],
          "stringProperties": [],
          "initialVariables": []
        }
      ],
      "objects": [
        {
          "bold": false,
          "italic": false,
          "name": "Desc",
          "smoothed": true,
          "tags": "",
          "type": "TextObject::Text",
          "underlined": false,
          "variables": [],
          "behaviors": [],
          "string": "Follow Spermy on his daring journey from creation in the testes to his final destination in the ovaries. \n\nUse the arrow keys to move and the \"Space Bar\" to jump. Be sure to avoid enemy sperm!\n\nPress Space to Begin\n\nPress Escape to Quit at any time\n",
          "font": "Pixeboy-z8XGD.ttf",
          "characterSize": 35,
          "color": {
            "b": 255,
            "g": 255,
            "r": 255
          }
        },
        {
          "bottomMargin": 0,
          "height": 32,
          "leftMargin": 0,
          "name": "NewObject",
          "rightMargin": 0,
          "tags": "",
          "texture": "BG-1.png",
          "tiled": false,
          "topMargin": 0,
          "type": "PanelSpriteObject::PanelSprite",
          "width": 32,
          "variables": [],
          "behaviors": []
        }
      ],
      "events": [
        {
          "disabled": false,
          "folded": false,
          "type": "BuiltinCommonInstructions::Standard",
          "conditions": [],
          "actions": [
            {
              "type": {
                "inverted": false,
                "value": "TextObject::SetTextAlignment"
              },
              "parameters": [
                "Desc",
                "\"center\""
              ],
              "subInstructions": []
            }
          ],
          "events": []
        },
        {
          "disabled": false,
          "folded": false,
          "type": "BuiltinCommonInstructions::Standard",
          "conditions": [
            {
              "type": {
                "inverted": false,
                "value": "KeyPressed"
              },
              "parameters": [
                "",
                "Space"
              ],
              "subInstructions": [
                {
                  "type": {
                    "inverted": false,
                    "value": "KeyPressed"
                  },
                  "parameters": [
                    "",
                    "Return"
                  ],
                  "subInstructions": []
                },
                {
                  "type": {
                    "inverted": false,
                    "value": "KeyReleased"
                  },
                  "parameters": [
                    "",
                    "Return"
                  ],
                  "subInstructions": []
                }
              ]
            }
          ],
          "actions": [
            {
              "type": {
                "inverted": false,
                "value": "Scene"
              },
              "parameters": [
                "",
                "\"Level01\"",
                "no"
              ],
              "subInstructions": []
            }
          ],
          "events": []
        },
        {
          "disabled": false,
          "folded": false,
          "type": "BuiltinCommonInstructions::Standard",
          "conditions": [
            {
              "type": {
                "inverted": false,
                "value": "KeyPressed"
              },
              "parameters": [
                "",
                "Escape"
              ],
              "subInstructions": []
            }
          ],
          "actions": [
            {
              "type": {
                "inverted": false,
                "value": "Quit"
              },
              "parameters": [
                ""
              ],
              "subInstructions": []
            }
          ],
          "events": []
        }
      ],
      "layers": [
        {
          "ambientLightColorB": 0,
          "ambientLightColorG": 0,
          "ambientLightColorR": 0,
          "followBaseLayerCamera": false,
          "isLightingLayer": false,
          "name": "",
          "visibility": true,
          "cameras": [
            {
              "defaultSize": true,
              "defaultViewport": true,
              "height": 0,
              "viewportBottom": 1,
              "viewportLeft": 0,
              "viewportRight": 1,
              "viewportTop": 0,
              "width": 0
            }
          ],
          "effects": []
        }
      ],
      "behaviorsSharedData": []
    },
    {
      "b": 209,
      "disableInputWhenNotFocused": true,
      "mangledName": "Level01",
      "name": "Level01",
      "oglFOV": 90,
      "oglZFar": 500,
      "oglZNear": 1,
      "r": 209,
      "standardSortMethod": true,
      "stopSoundsOnStartup": true,
      "title": "",
      "v": 209,
      "uiSettings": {
        "grid": false,
        "gridB": 255,
        "gridG": 180,
        "gridHeight": 32,
        "gridOffsetX": 0,
        "gridOffsetY": 0,
        "gridR": 158,
        "gridWidth": 32,
        "snap": true,
        "windowMask": false,
        "zoomFactor": 1.018
      },
      "objectsGroups": [],
      "variables": [],
      "instances": [
        {
          "angle": 0,
          "customSize": false,
          "height": 0,
          "layer": "",
          "locked": false,
          "name": "Player",
          "persistentUuid": "58de7ac6-9c9e-4876-9af7-5558cdd14db4",
          "width": 0,
          "x": 16,
          "y": 448,
          "zOrder": 1,
          "numberProperties": [],
          "stringProperties": [],
          "initialVariables": []
        },
        {
          "angle": 0,
          "customSize": true,
          "height": 32,
          "layer": "",
          "locked": false,
          "name": "TileTop",
          "persistentUuid": "eff0e5b6-9999-4174-a3ca-3d842ed2e727",
          "width": 81,
          "x": 1817,
          "y": 347,
          "zOrder": 3,
          "numberProperties": [],
          "stringProperties": [],
          "initialVariables": []
        },
        {
          "angle": 0,
          "customSize": true,
          "height": 225,
          "layer": "",
          "locked": false,
          "name": "End",
          "persistentUuid": "d7970526-e691-4366-8117-37be1e32597c",
          "width": 462,
          "x": 3167,
          "y": -454,
          "zOrder": 4,
          "numberProperties": [],
          "stringProperties": [],
          "initialVariables": []
        },
        {
          "angle": 0,
          "customSize": true,
          "height": 32,
          "layer": "",
          "locked": false,
          "name": "Restart",
          "persistentUuid": "e4d60567-e643-467a-8e09-f0c2787ea007",
          "width": 4335,
          "x": -2,
          "y": 572,
          "zOrder": 5,
          "numberProperties": [],
          "stringProperties": [],
          "initialVariables": []
        },
        {
          "angle": 0,
          "customSize": true,
          "height": 588,
          "layer": "",
          "locked": false,
          "name": "Wall",
          "persistentUuid": "3542121b-fd73-4dbe-9242-aa3bc1646b09",
          "width": 65,
          "x": -190,
          "y": -29,
          "zOrder": 6,
          "numberProperties": [],
          "stringProperties": [],
          "initialVariables": []
        },
        {
          "angle": 0,
          "customSize": false,
          "height": 0,
          "layer": "",
          "locked": false,
          "name": "Label",
          "persistentUuid": "d9a45698-96f5-4b6d-85f2-a34453c93875",
          "width": 0,
          "x": -80,
          "y": 340,
          "zOrder": 7,
          "numberProperties": [],
          "stringProperties": [],
          "initialVariables": []
        },
        {
          "angle": 0,
          "customSize": true,
          "height": 38,
          "layer": "",
          "locked": false,
          "name": "TileTop",
          "persistentUuid": "73f3da3f-f525-477d-bd98-f63414e0fe33",
          "width": 141,
          "x": 1991,
          "y": 386,
          "zOrder": 8,
          "numberProperties": [],
          "stringProperties": [],
          "initialVariables": []
        },
        {
          "angle": 0,
          "customSize": true,
          "height": 32,
          "layer": "",
          "locked": false,
          "name": "MovingPlat",
          "persistentUuid": "81c87fef-6c5d-49b4-b43e-244c6b027d2f",
          "width": 61,
          "x": 2169,
          "y": 318,
          "zOrder": 9,
          "numberProperties": [],
          "stringProperties": [],
          "initialVariables": []
        },
        {
          "angle": 0,
          "customSize": false,
          "height": 0,
          "layer": "",
          "locked": false,
          "name": "GoLeft",
          "persistentUuid": "ed3ac040-10f2-4481-9f98-bb8e7d6226db",
          "width": 0,
          "x": 2427,
          "y": 303,
          "zOrder": 10,
          "numberProperties": [],
          "stringProperties": [],
          "initialVariables": []
        },
        {
          "angle": 0,
          "customSize": false,
          "height": 0,
          "layer": "",
          "locked": false,
          "name": "GoRight",
          "persistentUuid": "5eaf97c3-7f29-42da-9ee3-8bcf8892a87a",
          "width": 0,
          "x": 2111,
          "y": 305,
          "zOrder": 11,
          "numberProperties": [],
          "stringProperties": [],
          "initialVariables": []
        },
        {
          "angle": 0,
          "customSize": true,
          "height": 77,
          "layer": "",
          "locked": false,
          "name": "TileTop",
          "persistentUuid": "8d79a292-9179-45dc-be00-104a3bc2e078",
          "width": 1917,
          "x": -190,
          "y": 495,
          "zOrder": 12,
          "numberProperties": [],
          "stringProperties": [],
          "initialVariables": []
        },
        {
          "angle": 0,
          "customSize": true,
          "height": 55,
          "layer": "",
          "locked": false,
          "name": "TileTop",
          "persistentUuid": "f5dabd3e-e478-4440-b462-0ab72680b99b",
          "width": 131,
          "x": 549,
          "y": 441,
          "zOrder": 13,
          "numberProperties": [],
          "stringProperties": [],
          "initialVariables": []
        },
        {
          "angle": 0,
          "customSize": true,
          "height": 181,
          "layer": "",
          "locked": false,
          "name": "TileTop",
          "persistentUuid": "54ac5191-5f8a-4c3e-adce-64df5df4bb01",
          "width": 450,
          "x": 1278,
          "y": 317,
          "zOrder": 14,
          "numberProperties": [],
          "stringProperties": [],
          "initialVariables": []
        },
        {
          "angle": 0,
          "customSize": true,
          "height": 92,
          "layer": "",
          "locked": false,
          "name": "TileTop",
          "persistentUuid": "9c7ff20b-7217-4af5-b35e-f47072f0ff3e",
          "width": 156,
          "x": 1127,
          "y": 405,
          "zOrder": 15,
          "numberProperties": [],
          "stringProperties": [],
          "initialVariables": []
        },
        {
          "angle": 0,
          "customSize": true,
          "height": 227,
          "layer": "",
          "locked": false,
          "name": "TileTop",
          "persistentUuid": "dca2fcbd-c403-406a-9566-bc78af12ef5f",
          "width": 604,
          "x": 2552,
          "y": 344,
          "zOrder": 16,
          "numberProperties": [],
          "stringProperties": [],
          "initialVariables": []
        },
        {
          "angle": 0,
          "customSize": true,
          "height": 579,
          "layer": "",
          "locked": false,
          "name": "TileTop",
          "persistentUuid": "f6671ba7-75cc-41f8-ab4c-bbc055b0c06c",
          "width": 252,
          "x": 2977,
          "y": -236,
          "zOrder": 17,
          "numberProperties": [],
          "stringProperties": [],
          "initialVariables": []
        },
        {
          "angle": 0,
          "customSize": true,
          "height": 585,
          "layer": "",
          "locked": false,
          "name": "TileTop",
          "persistentUuid": "476989a1-3145-4d71-90f0-9d5b0662b2dc",
          "width": 232,
          "x": 2320,
          "y": -508,
          "zOrder": 18,
          "numberProperties": [],
          "stringProperties": [],
          "initialVariables": []
        },
        {
          "angle": 0,
          "customSize": true,
          "height": 74,
          "layer": "",
          "locked": false,
          "name": "TileTop",
          "persistentUuid": "33f6175c-85af-49f2-883b-95135bf5db4c",
          "width": 181,
          "x": 2552,
          "y": 8,
          "zOrder": 19,
          "numberProperties": [],
          "stringProperties": [],
          "initialVariables": []
        },
        {
          "angle": 0,
          "customSize": true,
          "height": 69,
          "layer": "",
          "locked": false,
          "name": "TileTop",
          "persistentUuid": "5f04b546-9eae-4d50-80c5-75c39b6e97e3",
          "width": 191,
          "x": 2790,
          "y": 276,
          "zOrder": 20,
          "numberProperties": [],
          "stringProperties": [],
          "initialVariables": []
        },
        {
          "angle": 0,
          "customSize": true,
          "height": 25,
          "layer": "",
          "locked": false,
          "name": "Elevator",
          "persistentUuid": "0f7fa6ce-4d0b-48e0-8ecc-082bcd970eab",
          "width": 86,
          "x": 2891,
          "y": 207,
          "zOrder": 21,
          "numberProperties": [],
          "stringProperties": [],
          "initialVariables": []
        },
        {
          "angle": 0,
          "customSize": true,
          "height": 39,
          "layer": "",
          "locked": false,
          "name": "GoUp",
          "persistentUuid": "eb76a186-7700-4665-8eba-5aca62ed4f54",
          "width": 35,
          "x": 2926,
          "y": 223,
          "zOrder": 22,
          "numberProperties": [],
          "stringProperties": [],
          "initialVariables": []
        },
        {
          "angle": 0,
          "customSize": true,
          "height": 57,
          "layer": "",
          "locked": false,
          "name": "GoDown",
          "persistentUuid": "d483aa5b-10f0-464a-b3df-f22fced20aff",
          "width": 48,
          "x": 2907,
          "y": -64,
          "zOrder": 23,
          "numberProperties": [],
          "stringProperties": [],
          "initialVariables": []
        },
        {
          "angle": 0,
          "customSize": true,
          "height": 65,
          "layer": "",
          "locked": false,
          "name": "TileTop",
          "persistentUuid": "6362d471-8348-4cc9-8475-2f480ee5c3ab",
          "width": 75,
          "x": 2904,
          "y": -235,
          "zOrder": 24,
          "numberProperties": [],
          "stringProperties": [],
          "initialVariables": []
        },
        {
          "angle": 0,
          "customSize": true,
          "height": 67,
          "layer": "",
          "locked": false,
          "name": "TileTop",
          "persistentUuid": "9b30eccf-1eb4-411e-b372-56f8b5c138d0",
          "width": 107,
          "x": 2551,
          "y": -58,
          "zOrder": 25,
          "numberProperties": [],
          "stringProperties": [],
          "initialVariables": []
        },
        {
          "angle": 0,
          "customSize": false,
          "height": 0,
          "layer": "",
          "locked": false,
          "name": "GoLeft",
          "persistentUuid": "7204a857-2630-4552-9385-46e6bcebe4f2",
          "width": 0,
          "x": 2879,
          "y": -230,
          "zOrder": 26,
          "numberProperties": [],
          "stringProperties": [],
          "initialVariables": []
        },
        {
          "angle": 0,
          "customSize": true,
          "height": 32,
          "layer": "",
          "locked": false,
          "name": "MovingPlat",
          "persistentUuid": "65ec7dd4-a011-4ab1-aca4-3db7dca30fca",
          "width": 84,
          "x": 2798,
          "y": -221,
          "zOrder": 27,
          "numberProperties": [],
          "stringProperties": [],
          "initialVariables": []
        },
        {
          "angle": 0,
          "customSize": false,
          "height": 0,
          "layer": "",
          "locked": false,
          "name": "GoRight",
          "persistentUuid": "0aebf964-8e0a-4175-8182-0078a391ffbe",
          "width": 0,
          "x": 2581,
          "y": -243,
          "zOrder": 28,
          "numberProperties": [],
          "stringProperties": [],
          "initialVariables": []
        },
        {
          "angle": 0,
          "customSize": true,
          "height": 65,
          "layer": "",
          "locked": false,
          "name": "TileTop",
          "persistentUuid": "f6da4510-77b0-4685-be1f-728946d118b6",
          "width": 53,
          "x": 2550,
          "y": -123,
          "zOrder": 29,
          "numberProperties": [],
          "stringProperties": [],
          "initialVariables": []
        },
        {
          "angle": 0,
          "customSize": true,
          "height": 357,
          "layer": "",
          "locked": false,
          "name": "TileTop",
          "persistentUuid": "99016ce8-2cf3-4945-91a4-f6377cb7b805",
          "width": 2571,
          "x": -246,
          "y": -382,
          "zOrder": 30,
          "numberProperties": [],
          "stringProperties": [],
          "initialVariables": []
        },
        {
          "angle": 0,
          "customSize": true,
          "height": 397,
          "layer": "",
          "locked": false,
          "name": "TileTop",
          "persistentUuid": "700f3c40-5280-48e5-a8c2-e9b3beb995b4",
          "width": 1186,
          "x": 2551,
          "y": -831,
          "zOrder": 31,
          "numberProperties": [],
          "stringProperties": [],
          "initialVariables": []
        },
        {
          "angle": 0,
          "customSize": false,
          "height": 0,
          "layer": "",
          "locked": false,
          "name": "Enemy",
          "persistentUuid": "9a94c34b-af90-4518-877f-7049190c287d",
          "width": 0,
          "x": 2556,
          "y": 323,
          "zOrder": 32,
          "numberProperties": [],
          "stringProperties": [],
          "initialVariables": []
        },
        {
          "angle": 0,
          "customSize": false,
          "height": 0,
          "layer": "",
          "locked": false,
          "name": "Enemy",
          "persistentUuid": "bd07bd7d-c296-404f-9d56-af372a54020c",
          "width": 0,
          "x": 2907,
          "y": -255,
          "zOrder": 33,
          "numberProperties": [],
          "stringProperties": [],
          "initialVariables": []
        },
        {
          "angle": 0,
          "customSize": false,
          "height": 0,
          "layer": "",
          "locked": false,
          "name": "RightBlock",
          "persistentUuid": "fc2f2ef9-a687-43fd-b8d9-20a8a54eaa30",
          "width": 0,
          "x": 2757,
          "y": 333,
          "zOrder": 34,
          "numberProperties": [],
          "stringProperties": [],
          "initialVariables": []
        },
        {
          "angle": 0,
          "customSize": false,
          "height": 0,
          "layer": "",
          "locked": false,
          "name": "LeftBlock",
          "persistentUuid": "26f13c99-2c4b-4127-af44-c1c97feaf5c4",
          "width": 0,
          "x": 2569,
          "y": 330,
          "zOrder": 35,
          "numberProperties": [],
          "stringProperties": [],
          "initialVariables": []
        },
        {
          "angle": 0,
          "customSize": false,
          "height": 0,
          "layer": "",
          "locked": false,
          "name": "LeftBlock",
          "persistentUuid": "ddf24bf9-e62f-4d47-9edb-4176a8fe7cea",
          "width": 0,
          "x": 2920,
          "y": -248,
          "zOrder": 36,
          "numberProperties": [],
          "stringProperties": [],
          "initialVariables": []
        },
        {
          "angle": 0,
          "customSize": false,
          "height": 0,
          "layer": "",
          "locked": false,
          "name": "RightBlock",
          "persistentUuid": "9c73c028-2a39-463a-91ae-7a62d0f12933",
          "width": 0,
          "x": 3135,
          "y": -248,
          "zOrder": 37,
          "numberProperties": [],
          "stringProperties": [],
          "initialVariables": []
        },
        {
          "angle": 0,
          "customSize": false,
          "height": 0,
          "layer": "",
          "locked": false,
          "name": "LeftBlock",
          "persistentUuid": "64d197af-6305-4818-920c-018c1b0b9f5e",
          "width": 0,
          "x": 697,
          "y": 481,
          "zOrder": 38,
          "numberProperties": [],
          "stringProperties": [],
          "initialVariables": []
        },
        {
          "angle": 0,
          "customSize": false,
          "height": 0,
          "layer": "",
          "locked": false,
          "name": "RightBlock",
          "persistentUuid": "41113980-66de-4d95-8dc6-187ad247890e",
          "width": 0,
          "x": 1099,
          "y": 483,
          "zOrder": 39,
          "numberProperties": [],
          "stringProperties": [],
          "initialVariables": []
        },
        {
          "angle": 0,
          "customSize": false,
          "height": 0,
          "layer": "",
          "locked": false,
          "name": "Enemy",
          "persistentUuid": "c2c5e2f0-1064-4bfb-81cf-15c59894f516",
          "width": 0,
          "x": 690,
          "y": 474,
          "zOrder": 40,
          "numberProperties": [],
          "stringProperties": [],
          "initialVariables": []
        }
      ],
      "objects": [
        {
          "name": "Player",
          "tags": "",
          "type": "Sprite",
          "updateIfNotVisible": false,
          "variables": [],
          "behaviors": [
            {
              "name": "PlatformerObject",
              "type": "PlatformBehavior::PlatformerObjectBehavior",
              "acceleration": 1500,
              "canGrabPlatforms": false,
              "deceleration": 1500,
              "gravity": 1000,
              "ignoreDefaultControls": false,
              "jumpSpeed": 600,
              "jumpSustainTime": 0.2,
              "ladderClimbingSpeed": 150,
              "maxFallingSpeed": 700,
              "maxSpeed": 250,
              "roundCoordinates": true,
              "slopeMaxAngle": 60,
              "xGrabTolerance": 10,
              "yGrabOffset": 0
            }
          ],
          "animations": [
            {
              "name": "",
              "useMultipleDirections": false,
              "directions": [
                {
                  "looping": false,
                  "timeBetweenFrames": 0.08,
                  "sprites": [
                    {
                      "hasCustomCollisionMask": true,
                      "image": "spermy.png.png",
                      "points": [],
                      "originPoint": {
                        "name": "origine",
                        "x": 0,
                        "y": 0
                      },
                      "centerPoint": {
                        "automatic": true,
                        "name": "centre",
                        "x": 0,
                        "y": 0
                      },
                      "customCollisionMask": [
                        [
                          {
                            "x": 5,
                            "y": 6.5
                          },
                          {
                            "x": 26,
                            "y": 4.5
                          },
                          {
                            "x": 23,
                            "y": 26.5
                          },
                          {
                            "x": 0,
                            "y": 25
                          }
                        ]
                      ]
                    }
                  ]
                }
              ]
            }
          ]
        },
        {
          "height": 32,
          "name": "TileTop",
          "tags": "",
          "texture": "Toptile-1.png (1).png",
          "type": "TiledSpriteObject::TiledSprite",
          "width": 32,
          "variables": [],
          "behaviors": [
            {
              "name": "Platform",
              "type": "PlatformBehavior::PlatformBehavior",
              "canBeGrabbed": true,
              "platformType": "NormalPlatform",
              "yGrabOffset": 0
            }
          ]
        },
        {
          "name": "End",
          "tags": "",
          "type": "Sprite",
          "updateIfNotVisible": false,
          "variables": [],
          "behaviors": [],
          "animations": [
            {
              "name": "Valve",
              "useMultipleDirections": false,
              "directions": [
                {
                  "looping": false,
                  "timeBetweenFrames": 0.08,
                  "sprites": [
                    {
                      "hasCustomCollisionMask": false,
                      "image": "Valve-1.png",
                      "points": [],
                      "originPoint": {
                        "name": "origine",
                        "x": 0,
                        "y": 0
                      },
                      "centerPoint": {
                        "automatic": true,
                        "name": "centre",
                        "x": 0,
                        "y": 0
                      },
                      "customCollisionMask": []
                    }
                  ]
                }
              ]
            }
          ]
        },
        {
          "height": 32,
          "name": "Restart",
          "tags": "",
          "texture": "Restart-1.png",
          "type": "TiledSpriteObject::TiledSprite",
          "width": 32,
          "variables": [],
          "behaviors": []
        },
        {
          "height": 32,
          "name": "Wall",
          "tags": "",
          "texture": "Wall-1.png",
          "type": "TiledSpriteObject::TiledSprite",
          "width": 32,
          "variables": [],
          "behaviors": [
            {
              "name": "Platform",
              "type": "PlatformBehavior::PlatformBehavior",
              "canBeGrabbed": true,
              "platformType": "NormalPlatform",
              "yGrabOffset": 0
            }
          ]
        },
        {
          "bold": false,
          "italic": false,
          "name": "Label",
          "smoothed": true,
          "tags": "",
          "type": "TextObject::Text",
          "underlined": false,
          "variables": [],
          "behaviors": [],
          "string": "Leave the Testes",
          "font": "Pixeboy-z8XGD.ttf",
          "characterSize": 30,
          "color": {
            "b": 0,
            "g": 0,
            "r": 0
          }
        },
        {
          "name": "GoLeft",
          "tags": "",
          "type": "Sprite",
          "updateIfNotVisible": false,
          "variables": [],
          "behaviors": [],
          "animations": [
            {
              "name": "Left",
              "useMultipleDirections": false,
              "directions": [
                {
                  "looping": false,
                  "timeBetweenFrames": 0.08,
                  "sprites": [
                    {
                      "hasCustomCollisionMask": false,
                      "image": "Left-1.png",
                      "points": [],
                      "originPoint": {
                        "name": "origine",
                        "x": 0,
                        "y": 0
                      },
                      "centerPoint": {
                        "automatic": true,
                        "name": "centre",
                        "x": 0,
                        "y": 0
                      },
                      "customCollisionMask": []
                    }
                  ]
                }
              ]
            }
          ]
        },
        {
          "name": "GoRight",
          "tags": "",
          "type": "Sprite",
          "updateIfNotVisible": false,
          "variables": [],
          "behaviors": [],
          "animations": [
            {
              "name": "Right",
              "useMultipleDirections": false,
              "directions": [
                {
                  "looping": false,
                  "timeBetweenFrames": 0.08,
                  "sprites": [
                    {
                      "hasCustomCollisionMask": false,
                      "image": "Right-1.png",
                      "points": [],
                      "originPoint": {
                        "name": "origine",
                        "x": 0,
                        "y": 0
                      },
                      "centerPoint": {
                        "automatic": true,
                        "name": "centre",
                        "x": 0,
                        "y": 0
                      },
                      "customCollisionMask": []
                    }
                  ]
                }
              ]
            }
          ]
        },
        {
          "height": 32,
          "name": "Elevator",
          "tags": "",
          "texture": "Moving-1.png",
          "type": "TiledSpriteObject::TiledSprite",
          "width": 32,
          "variables": [],
          "behaviors": [
            {
              "name": "Platform",
              "type": "PlatformBehavior::PlatformBehavior",
              "platformType": "NormalPlatform",
              "canBeGrabbed": true,
              "yGrabOffset": 0
            }
          ]
        },
        {
          "height": 32,
          "name": "MovingPlat",
          "tags": "",
          "texture": "Moving-1.png",
          "type": "TiledSpriteObject::TiledSprite",
          "width": 32,
          "variables": [],
          "behaviors": [
            {
              "name": "Platform",
              "type": "PlatformBehavior::PlatformBehavior",
              "canBeGrabbed": true,
              "platformType": "NormalPlatform",
              "yGrabOffset": 0
            }
          ]
        },
        {
          "name": "GoUp",
          "tags": "",
          "type": "Sprite",
          "updateIfNotVisible": false,
          "variables": [],
          "behaviors": [],
          "animations": [
            {
              "name": "Up",
              "useMultipleDirections": false,
              "directions": [
                {
                  "looping": false,
                  "timeBetweenFrames": 0.08,
                  "sprites": [
                    {
                      "hasCustomCollisionMask": false,
                      "image": "Up-1.png",
                      "points": [],
                      "originPoint": {
                        "name": "origine",
                        "x": 0,
                        "y": 0
                      },
                      "centerPoint": {
                        "automatic": true,
                        "name": "centre",
                        "x": 0,
                        "y": 0
                      },
                      "customCollisionMask": []
                    }
                  ]
                }
              ]
            }
          ]
        },
        {
          "name": "GoDown",
          "tags": "",
          "type": "Sprite",
          "updateIfNotVisible": false,
          "variables": [],
          "behaviors": [],
          "animations": [
            {
              "name": "Up",
              "useMultipleDirections": false,
              "directions": [
                {
                  "looping": false,
                  "timeBetweenFrames": 0.08,
                  "sprites": [
                    {
                      "hasCustomCollisionMask": false,
                      "image": "Up-1-0.png",
                      "points": [],
                      "originPoint": {
                        "name": "origine",
                        "x": 0,
                        "y": 0
                      },
                      "centerPoint": {
                        "automatic": true,
                        "name": "centre",
                        "x": 0,
                        "y": 0
                      },
                      "customCollisionMask": []
                    }
                  ]
                }
              ]
            }
          ]
        },
        {
          "name": "Enemy",
          "tags": "",
          "type": "Sprite",
          "updateIfNotVisible": false,
          "variables": [],
          "behaviors": [],
          "animations": [
            {
              "name": "MoveRight",
              "useMultipleDirections": false,
              "directions": [
                {
                  "looping": true,
                  "timeBetweenFrames": 0.08,
                  "sprites": [
                    {
                      "hasCustomCollisionMask": true,
                      "image": "spermyenemy-1.png",
                      "points": [],
                      "originPoint": {
                        "name": "origine",
                        "x": 0,
                        "y": 0
                      },
                      "centerPoint": {
                        "automatic": true,
                        "name": "centre",
                        "x": 0,
                        "y": 0
                      },
                      "customCollisionMask": [
                        [
                          {
                            "x": 1,
                            "y": 1
                          },
                          {
                            "x": 29,
                            "y": 0
                          },
                          {
                            "x": 29,
                            "y": 20
                          },
                          {
                            "x": 0,
                            "y": 20
                          }
                        ]
                      ]
                    },
                    {
                      "hasCustomCollisionMask": true,
                      "image": "spermyenemy-2.png",
                      "points": [],
                      "originPoint": {
                        "name": "origine",
                        "x": 0,
                        "y": 0
                      },
                      "centerPoint": {
                        "automatic": true,
                        "name": "centre",
                        "x": 0,
                        "y": 0
                      },
                      "customCollisionMask": [
                        [
                          {
                            "x": 1,
                            "y": 1
                          },
                          {
                            "x": 29,
                            "y": 0
                          },
                          {
                            "x": 29,
                            "y": 20
                          },
                          {
                            "x": 0,
                            "y": 20
                          }
                        ]
                      ]
                    },
                    {
                      "hasCustomCollisionMask": true,
                      "image": "spermyenemy-3.png",
                      "points": [],
                      "originPoint": {
                        "name": "origine",
                        "x": 0,
                        "y": 0
                      },
                      "centerPoint": {
                        "automatic": true,
                        "name": "centre",
                        "x": 0,
                        "y": 0
                      },
                      "customCollisionMask": [
                        [
                          {
                            "x": 1,
                            "y": 1
                          },
                          {
                            "x": 29,
                            "y": 0
                          },
                          {
                            "x": 29,
                            "y": 20
                          },
                          {
                            "x": 0,
                            "y": 20
                          }
                        ]
                      ]
                    },
                    {
                      "hasCustomCollisionMask": true,
                      "image": "spermyenemy-4.png",
                      "points": [],
                      "originPoint": {
                        "name": "origine",
                        "x": 0,
                        "y": 0
                      },
                      "centerPoint": {
                        "automatic": true,
                        "name": "centre",
                        "x": 0,
                        "y": 0
                      },
                      "customCollisionMask": [
                        [
                          {
                            "x": 1,
                            "y": 1
                          },
                          {
                            "x": 29,
                            "y": 0
                          },
                          {
                            "x": 29,
                            "y": 20
                          },
                          {
                            "x": 0,
                            "y": 20
                          }
                        ]
                      ]
                    },
                    {
                      "hasCustomCollisionMask": true,
                      "image": "spermyenemy-5.png",
                      "points": [],
                      "originPoint": {
                        "name": "origine",
                        "x": 0,
                        "y": 0
                      },
                      "centerPoint": {
                        "automatic": true,
                        "name": "centre",
                        "x": 0,
                        "y": 0
                      },
                      "customCollisionMask": [
                        [
                          {
                            "x": 1,
                            "y": 1
                          },
                          {
                            "x": 29,
                            "y": 0
                          },
                          {
                            "x": 29,
                            "y": 20
                          },
                          {
                            "x": 0,
                            "y": 20
                          }
                        ]
                      ]
                    }
                  ]
                }
              ]
            },
            {
              "name": "MoveLeft",
              "useMultipleDirections": false,
              "directions": [
                {
                  "looping": true,
                  "timeBetweenFrames": 0.08,
                  "sprites": [
                    {
                      "hasCustomCollisionMask": false,
                      "image": "spermyenemy-left1.png",
                      "points": [],
                      "originPoint": {
                        "name": "origine",
                        "x": 0,
                        "y": 0
                      },
                      "centerPoint": {
                        "automatic": true,
                        "name": "centre",
                        "x": 0,
                        "y": 0
                      },
                      "customCollisionMask": []
                    },
                    {
                      "hasCustomCollisionMask": false,
                      "image": "spermyenemy-left2.png",
                      "points": [],
                      "originPoint": {
                        "name": "origine",
                        "x": 0,
                        "y": 0
                      },
                      "centerPoint": {
                        "automatic": true,
                        "name": "centre",
                        "x": 0,
                        "y": 0
                      },
                      "customCollisionMask": []
                    },
                    {
                      "hasCustomCollisionMask": false,
                      "image": "spermyenemy-left3.png",
                      "points": [],
                      "originPoint": {
                        "name": "origine",
                        "x": 0,
                        "y": 0
                      },
                      "centerPoint": {
                        "automatic": true,
                        "name": "centre",
                        "x": 0,
                        "y": 0
                      },
                      "customCollisionMask": []
                    },
                    {
                      "hasCustomCollisionMask": false,
                      "image": "spermyenemy-left4.png",
                      "points": [],
                      "originPoint": {
                        "name": "origine",
                        "x": 0,
                        "y": 0
                      },
                      "centerPoint": {
                        "automatic": true,
                        "name": "centre",
                        "x": 0,
                        "y": 0
                      },
                      "customCollisionMask": []
                    },
                    {
                      "hasCustomCollisionMask": false,
                      "image": "spermyenemy-left5.png",
                      "points": [],
                      "originPoint": {
                        "name": "origine",
                        "x": 0,
                        "y": 0
                      },
                      "centerPoint": {
                        "automatic": true,
                        "name": "centre",
                        "x": 0,
                        "y": 0
                      },
                      "customCollisionMask": []
                    }
                  ]
                }
              ]
            },
            {
              "name": "DeadRight",
              "useMultipleDirections": false,
              "directions": [
                {
                  "looping": false,
                  "timeBetweenFrames": 0.08,
                  "sprites": [
                    {
                      "hasCustomCollisionMask": false,
                      "image": "spermyenemy-dead-right1.png",
                      "points": [],
                      "originPoint": {
                        "name": "origine",
                        "x": 0,
                        "y": 0
                      },
                      "centerPoint": {
                        "automatic": true,
                        "name": "centre",
                        "x": 0,
                        "y": 0
                      },
                      "customCollisionMask": []
                    },
                    {
                      "hasCustomCollisionMask": false,
                      "image": "spermyenemy-dead-right2.png",
                      "points": [],
                      "originPoint": {
                        "name": "origine",
                        "x": 0,
                        "y": 0
                      },
                      "centerPoint": {
                        "automatic": true,
                        "name": "centre",
                        "x": 0,
                        "y": 0
                      },
                      "customCollisionMask": []
                    },
                    {
                      "hasCustomCollisionMask": false,
                      "image": "spermyenemy-dead-right3.png",
                      "points": [],
                      "originPoint": {
                        "name": "origine",
                        "x": 0,
                        "y": 0
                      },
                      "centerPoint": {
                        "automatic": true,
                        "name": "centre",
                        "x": 0,
                        "y": 0
                      },
                      "customCollisionMask": []
                    }
                  ]
                }
              ]
            },
            {
              "name": "DeadLeft",
              "useMultipleDirections": false,
              "directions": [
                {
                  "looping": false,
                  "timeBetweenFrames": 0.08,
                  "sprites": [
                    {
                      "hasCustomCollisionMask": false,
                      "image": "spermyenemy-dead-left1.png",
                      "points": [],
                      "originPoint": {
                        "name": "origine",
                        "x": 0,
                        "y": 0
                      },
                      "centerPoint": {
                        "automatic": true,
                        "name": "centre",
                        "x": 0,
                        "y": 0
                      },
                      "customCollisionMask": []
                    },
                    {
                      "hasCustomCollisionMask": false,
                      "image": "spermyenemy-dead-left2.png",
                      "points": [],
                      "originPoint": {
                        "name": "origine",
                        "x": 0,
                        "y": 0
                      },
                      "centerPoint": {
                        "automatic": true,
                        "name": "centre",
                        "x": 0,
                        "y": 0
                      },
                      "customCollisionMask": []
                    },
                    {
                      "hasCustomCollisionMask": false,
                      "image": "spermyenemy-dead-left3.png",
                      "points": [],
                      "originPoint": {
                        "name": "origine",
                        "x": 0,
                        "y": 0
                      },
                      "centerPoint": {
                        "automatic": true,
                        "name": "centre",
                        "x": 0,
                        "y": 0
                      },
                      "customCollisionMask": []
                    }
                  ]
                }
              ]
            }
          ]
        },
        {
          "name": "LeftBlock",
          "tags": "",
          "type": "Sprite",
          "updateIfNotVisible": false,
          "variables": [],
          "behaviors": [],
          "animations": [
            {
              "name": "Right Stop",
              "useMultipleDirections": false,
              "directions": [
                {
                  "looping": false,
                  "timeBetweenFrames": 0.08,
                  "sprites": [
                    {
                      "hasCustomCollisionMask": true,
                      "image": "NewObject-1.png",
                      "points": [],
                      "originPoint": {
                        "name": "origine",
                        "x": 0,
                        "y": 0
                      },
                      "centerPoint": {
                        "automatic": true,
                        "name": "centre",
                        "x": 0,
                        "y": 0
                      },
                      "customCollisionMask": [
                        [
                          {
                            "x": 0,
                            "y": 0
                          },
                          {
                            "x": 10,
                            "y": 0
                          },
                          {
                            "x": 10,
                            "y": 10
                          },
                          {
                            "x": 0,
                            "y": 10
                          }
                        ]
                      ]
                    }
                  ]
                }
              ]
            }
          ]
        },
        {
          "name": "RightBlock",
          "tags": "",
          "type": "Sprite",
          "updateIfNotVisible": false,
          "variables": [],
          "behaviors": [],
          "animations": [
            {
              "name": "Right Stop",
              "useMultipleDirections": false,
              "directions": [
                {
                  "looping": false,
                  "timeBetweenFrames": 0.08,
                  "sprites": [
                    {
                      "hasCustomCollisionMask": true,
                      "image": "NewObject-1.png",
                      "points": [],
                      "originPoint": {
                        "name": "origine",
                        "x": 0,
                        "y": 0
                      },
                      "centerPoint": {
                        "automatic": true,
                        "name": "centre",
                        "x": 0,
                        "y": 0
                      },
                      "customCollisionMask": [
                        [
                          {
                            "x": 0,
                            "y": 0
                          },
                          {
                            "x": 10,
                            "y": 0
                          },
                          {
                            "x": 10,
                            "y": 10
                          },
                          {
                            "x": 0,
                            "y": 10
                          }
                        ]
                      ]
                    }
                  ]
                }
              ]
            }
          ]
        }
      ],
      "events": [
        {
          "disabled": false,
          "folded": false,
          "type": "BuiltinCommonInstructions::Standard",
          "conditions": [
            {
              "type": {
                "inverted": false,
                "value": "KeyPressed"
              },
              "parameters": [
                "",
                "Escape"
              ],
              "subInstructions": []
            }
          ],
          "actions": [
            {
              "type": {
                "inverted": false,
                "value": "Quit"
              },
              "parameters": [
                ""
              ],
              "subInstructions": []
            }
          ],
          "events": []
        },
        {
          "disabled": false,
          "folded": false,
          "type": "BuiltinCommonInstructions::Standard",
          "conditions": [
            {
              "type": {
                "inverted": false,
                "value": "CollisionNP"
              },
              "parameters": [
                "End",
                "Player",
                "",
                "",
                ""
              ],
              "subInstructions": []
            }
          ],
          "actions": [
            {
              "type": {
                "inverted": false,
                "value": "Scene"
              },
              "parameters": [
                "",
                "\"End\"",
                ""
              ],
              "subInstructions": []
            }
          ],
          "events": []
        },
        {
          "disabled": false,
          "folded": false,
          "type": "BuiltinCommonInstructions::Standard",
          "conditions": [],
          "actions": [
            {
              "type": {
                "inverted": false,
                "value": "CameraX"
              },
              "parameters": [
                "",
                "=",
                "Player.X()",
                "",
                ""
              ],
              "subInstructions": []
            },
            {
              "type": {
                "inverted": false,
                "value": "CameraY"
              },
              "parameters": [
                "",
                "=",
                "Player.Y()",
                "",
                ""
              ],
              "subInstructions": []
            }
          ],
          "events": []
        },
        {
          "disabled": false,
          "folded": false,
          "type": "BuiltinCommonInstructions::Standard",
          "conditions": [
            {
              "type": {
                "inverted": false,
                "value": "CollisionNP"
              },
              "parameters": [
                "Restart",
                "Player",
                "",
                "",
                ""
              ],
              "subInstructions": []
            }
          ],
          "actions": [
            {
              "type": {
                "inverted": false,
                "value": "Scene"
              },
              "parameters": [
                "",
                "\"Level01\"",
                ""
              ],
              "subInstructions": []
            }
          ],
          "events": []
        },
        {
          "disabled": false,
          "folded": false,
          "type": "BuiltinCommonInstructions::Standard",
          "conditions": [
            {
              "type": {
                "inverted": false,
                "value": "DepartScene"
              },
              "parameters": [
                ""
              ],
              "subInstructions": []
            }
          ],
          "actions": [
            {
              "type": {
                "inverted": false,
                "value": "Cache"
              },
              "parameters": [
                "Restart"
              ],
              "subInstructions": []
            },
            {
              "type": {
                "inverted": false,
                "value": "ModVarObjet"
              },
              "parameters": [
                "Player",
                "Health",
                "=",
                "100"
              ],
              "subInstructions": []
            },
            {
              "type": {
                "inverted": false,
                "value": "Cache"
              },
              "parameters": [
                "GoLeft"
              ],
              "subInstructions": []
            },
            {
              "type": {
                "inverted": false,
                "value": "Cache"
              },
              "parameters": [
                "GoRight"
              ],
              "subInstructions": []
            },
            {
              "type": {
                "inverted": false,
                "value": "Cache"
              },
              "parameters": [
                "GoUp"
              ],
              "subInstructions": []
            },
            {
              "type": {
                "inverted": false,
                "value": "Cache"
              },
              "parameters": [
                "GoDown"
              ],
              "subInstructions": []
            },
            {
              "type": {
                "inverted": false,
                "value": "SceneBackground"
              },
              "parameters": [
                "",
                "\"243;112;181\""
              ],
              "subInstructions": []
            },
            {
              "type": {
                "inverted": false,
                "value": "PlayMusic"
              },
              "parameters": [
                "",
                "Level01.wav",
                "yes",
                "",
                ""
              ],
              "subInstructions": []
            },
            {
              "type": {
                "inverted": false,
                "value": "Cache"
              },
              "parameters": [
                "LeftBlock"
              ],
              "subInstructions": []
            },
            {
              "type": {
                "inverted": false,
                "value": "Cache"
              },
              "parameters": [
                "RightBlock"
              ],
              "subInstructions": []
            }
          ],
          "events": []
        },
        {
          "disabled": false,
          "folded": false,
          "type": "BuiltinCommonInstructions::Standard",
          "conditions": [
            {
              "type": {
                "inverted": false,
                "value": "CollisionNP"
              },
              "parameters": [
                "GoLeft",
                "MovingPlat",
                "",
                "",
                ""
              ],
              "subInstructions": []
            }
          ],
          "actions": [
            {
              "type": {
                "inverted": false,
                "value": "Arreter"
              },
              "parameters": [
                "MovingPlat"
              ],
              "subInstructions": []
            },
            {
              "type": {
                "inverted": false,
                "value": "AddForceXY"
              },
              "parameters": [
                "MovingPlat",
                "-100",
                "0",
                "1"
              ],
              "subInstructions": []
            }
          ],
          "events": []
        },
        {
          "disabled": false,
          "folded": false,
          "type": "BuiltinCommonInstructions::Standard",
          "conditions": [
            {
              "type": {
                "inverted": false,
                "value": "CollisionNP"
              },
              "parameters": [
                "GoRight",
                "MovingPlat",
                "",
                "",
                ""
              ],
              "subInstructions": []
            }
          ],
          "actions": [
            {
              "type": {
                "inverted": false,
                "value": "Arreter"
              },
              "parameters": [
                "MovingPlat"
              ],
              "subInstructions": []
            },
            {
              "type": {
                "inverted": false,
                "value": "AddForceXY"
              },
              "parameters": [
                "MovingPlat",
                "100",
                "0",
                "1"
              ],
              "subInstructions": []
            }
          ],
          "events": []
        },
        {
          "disabled": false,
          "folded": false,
          "type": "BuiltinCommonInstructions::Standard",
          "conditions": [
            {
              "type": {
                "inverted": false,
                "value": "CollisionNP"
              },
              "parameters": [
                "GoUp",
                "Elevator",
                "",
                "",
                ""
              ],
              "subInstructions": []
            }
          ],
          "actions": [
            {
              "type": {
                "inverted": false,
                "value": "Arreter"
              },
              "parameters": [
                "Elevator"
              ],
              "subInstructions": []
            },
            {
              "type": {
                "inverted": false,
                "value": "AddForceXY"
              },
              "parameters": [
                "Elevator",
                "0",
                "-100",
                "1"
              ],
              "subInstructions": []
            }
          ],
          "events": []
        },
        {
          "disabled": false,
          "folded": false,
          "type": "BuiltinCommonInstructions::Standard",
          "conditions": [
            {
              "type": {
                "inverted": false,
                "value": "CollisionNP"
              },
              "parameters": [
                "GoDown",
                "Elevator",
                "",
                "",
                ""
              ],
              "subInstructions": []
            }
          ],
          "actions": [
            {
              "type": {
                "inverted": false,
                "value": "Arreter"
              },
              "parameters": [
                "Elevator"
              ],
              "subInstructions": []
            },
            {
              "type": {
                "inverted": false,
                "value": "AddForceXY"
              },
              "parameters": [
                "Elevator",
                "0",
                "100",
                "1"
              ],
              "subInstructions": []
            }
          ],
          "events": []
        },
        {
          "disabled": false,
          "folded": false,
          "type": "BuiltinCommonInstructions::Standard",
          "conditions": [
            {
              "type": {
                "inverted": false,
                "value": "PlatformBehavior::IsJumping"
              },
              "parameters": [
                "Player",
                "PlatformerObject"
              ],
              "subInstructions": []
            },
            {
              "type": {
                "inverted": false,
                "value": "BuiltinCommonInstructions::Once"
              },
              "parameters": [],
              "subInstructions": []
            }
          ],
          "actions": [
            {
              "type": {
                "inverted": false,
                "value": "PlaySound"
              },
              "parameters": [
                "",
                "jump_07.wav",
                "",
                "",
                ""
              ],
              "subInstructions": []
            }
          ],
          "events": []
        },
        {
          "disabled": false,
          "folded": false,
          "type": "BuiltinCommonInstructions::Standard",
          "conditions": [
            {
              "type": {
                "inverted": false,
                "value": "CollisionNP"
              },
              "parameters": [
                "Enemy",
                "Player",
                "",
                "",
                ""
              ],
              "subInstructions": []
            },
            {
              "type": {
                "inverted": false,
                "value": "PlatformBehavior::IsFalling"
              },
              "parameters": [
                "Player",
                "PlatformerObject"
              ],
              "subInstructions": []
            }
          ],
          "actions": [
            {
              "type": {
                "inverted": false,
                "value": "Arreter"
              },
              "parameters": [
                "Enemy"
              ],
              "subInstructions": []
            },
            {
              "type": {
                "inverted": false,
                "value": "PauseAnimation"
              },
              "parameters": [
                "Enemy"
              ],
              "subInstructions": []
            },
            {
              "type": {
                "inverted": false,
                "value": "ChangeAnimation"
              },
              "parameters": [
                "Enemy",
                "+",
                "2"
              ],
              "subInstructions": []
            },
            {
              "type": {
                "inverted": false,
                "value": "PlayAnimation"
              },
              "parameters": [
                "Enemy"
              ],
              "subInstructions": []
            }
          ],
          "events": []
        },
        {
          "disabled": false,
          "folded": false,
          "type": "BuiltinCommonInstructions::Standard",
          "conditions": [
            {
              "type": {
                "inverted": false,
                "value": "CollisionNP"
              },
              "parameters": [
                "Enemy",
                "Player",
                "",
                "",
                ""
              ],
              "subInstructions": []
            },
            {
              "type": {
                "inverted": false,
                "value": "Animation"
              },
              "parameters": [
                "Enemy",
                "<",
                "2"
              ],
              "subInstructions": []
            }
          ],
          "actions": [
            {
              "type": {
                "inverted": false,
                "value": "Scene"
              },
              "parameters": [
                "",
                "\"Level01\"",
                "yes"
              ],
              "subInstructions": []
            }
          ],
          "events": []
        },
        {
          "disabled": false,
          "folded": false,
          "type": "BuiltinCommonInstructions::Standard",
          "conditions": [
            {
              "type": {
                "inverted": false,
                "value": "CollisionNP"
              },
              "parameters": [
                "Enemy",
                "LeftBlock",
                "",
                "",
                ""
              ],
              "subInstructions": []
            },
            {
              "type": {
                "inverted": false,
                "value": "Animation"
              },
              "parameters": [
                "Enemy",
                "<",
                "2"
              ],
              "subInstructions": []
            }
          ],
          "actions": [
            {
              "type": {
                "inverted": false,
                "value": "Arreter"
              },
              "parameters": [
                "Enemy"
              ],
              "subInstructions": []
            },
            {
              "type": {
                "inverted": false,
                "value": "PauseAnimation"
              },
              "parameters": [
                "Enemy"
              ],
              "subInstructions": []
            },
            {
              "type": {
                "inverted": false,
                "value": "AddForceXY"
              },
              "parameters": [
                "Enemy",
                "30",
                "0",
                "1"
              ],
              "subInstructions": []
            },
            {
              "type": {
                "inverted": false,
                "value": "ChangeAnimation"
              },
              "parameters": [
                "Enemy",
                "=",
                "0"
              ],
              "subInstructions": []
            },
            {
              "type": {
                "inverted": false,
                "value": "PlayAnimation"
              },
              "parameters": [
                "Enemy"
              ],
              "subInstructions": []
            }
          ],
          "events": []
        },
        {
          "disabled": false,
          "folded": false,
          "type": "BuiltinCommonInstructions::Standard",
          "conditions": [
            {
              "type": {
                "inverted": false,
                "value": "CollisionNP"
              },
              "parameters": [
                "Enemy",
                "RightBlock",
                "",
                "",
                ""
              ],
              "subInstructions": []
            },
            {
              "type": {
                "inverted": false,
                "value": "Animation"
              },
              "parameters": [
                "Enemy",
                "<",
                "2"
              ],
              "subInstructions": []
            }
          ],
          "actions": [
            {
              "type": {
                "inverted": false,
                "value": "Arreter"
              },
              "parameters": [
                "Enemy"
              ],
              "subInstructions": []
            },
            {
              "type": {
                "inverted": false,
                "value": "PauseAnimation"
              },
              "parameters": [
                "Enemy"
              ],
              "subInstructions": []
            },
            {
              "type": {
                "inverted": false,
                "value": "AddForceXY"
              },
              "parameters": [
                "Enemy",
                "-30",
                "0",
                "1"
              ],
              "subInstructions": []
            },
            {
              "type": {
                "inverted": false,
                "value": "ChangeAnimation"
              },
              "parameters": [
                "Enemy",
                "=",
                "1"
              ],
              "subInstructions": []
            },
            {
              "type": {
                "inverted": false,
                "value": "PlayAnimation"
              },
              "parameters": [
                "Enemy"
              ],
              "subInstructions": []
            }
          ],
          "events": []
        }
      ],
      "layers": [
        {
          "ambientLightColorB": 0,
          "ambientLightColorG": 0,
          "ambientLightColorR": 0,
          "followBaseLayerCamera": false,
          "isLightingLayer": false,
          "name": "",
          "visibility": true,
          "cameras": [
            {
              "defaultSize": true,
              "defaultViewport": true,
              "height": 0,
              "viewportBottom": 1,
              "viewportLeft": 0,
              "viewportRight": 1,
              "viewportTop": 0,
              "width": 0
            }
          ],
          "effects": []
        }
      ],
      "behaviorsSharedData": [
        {
          "name": "Platform",
          "type": "PlatformBehavior::PlatformBehavior"
        },
        {
          "name": "PlatformerObject",
          "type": "PlatformBehavior::PlatformerObjectBehavior"
        }
      ]
    },
    {
      "b": 209,
      "disableInputWhenNotFocused": true,
      "mangledName": "End",
      "name": "End",
      "oglFOV": 90,
      "oglZFar": 500,
      "oglZNear": 1,
      "r": 209,
      "standardSortMethod": true,
      "stopSoundsOnStartup": true,
      "title": "",
      "v": 209,
      "uiSettings": {
        "grid": false,
        "gridB": 255,
        "gridG": 180,
        "gridHeight": 32,
        "gridOffsetX": 0,
        "gridOffsetY": 0,
        "gridR": 158,
        "gridWidth": 32,
        "snap": true,
        "windowMask": false,
        "zoomFactor": 1
      },
      "objectsGroups": [],
      "variables": [],
      "instances": [
        {
          "angle": 0,
          "customSize": true,
          "height": 649,
          "layer": "",
          "locked": false,
          "name": "NewObject",
          "persistentUuid": "828d0f4a-d94e-46ca-95ad-af7cee000735",
          "width": 833,
          "x": -12,
          "y": -18,
          "zOrder": 2,
          "numberProperties": [],
          "stringProperties": [],
          "initialVariables": []
        },
        {
          "angle": 0,
          "customSize": false,
          "height": 0,
          "layer": "",
          "locked": false,
          "name": "Credits",
          "persistentUuid": "23598681-98f2-4027-b8ae-9905f471ce5a",
          "width": 0,
          "x": 178,
          "y": 153,
          "zOrder": 3,
          "numberProperties": [],
          "stringProperties": [],
          "initialVariables": []
        }
      ],
      "objects": [
        {
          "bold": false,
          "italic": false,
          "name": "Credits",
          "smoothed": true,
          "tags": "",
          "type": "TextObject::Text",
          "underlined": false,
          "variables": [],
          "behaviors": [],
          "string": "Thank You for Playing Spermy's Spectacular Adventure\n\nCreated for Male Contraceptive Initiative By:\n\nRyan Lapp\nBrandon Barrett\nKhang Le\nAJ Bankler\nTrey Anderson\n\nIn Association with Arizona State University",
          "font": "Pixeboy-z8XGD.ttf",
          "characterSize": 20,
          "color": {
            "b": 255,
            "g": 255,
            "r": 255
          }
        },
        {
          "bottomMargin": 0,
          "height": 32,
          "leftMargin": 0,
          "name": "NewObject",
          "rightMargin": 0,
          "tags": "",
          "texture": "BG-1.png",
          "tiled": false,
          "topMargin": 0,
          "type": "PanelSpriteObject::PanelSprite",
          "width": 32,
          "variables": [],
          "behaviors": []
        }
      ],
      "events": [
        {
          "disabled": false,
          "folded": false,
          "type": "BuiltinCommonInstructions::Standard",
          "conditions": [],
          "actions": [
            {
              "type": {
                "inverted": false,
                "value": "TextObject::SetTextAlignment"
              },
              "parameters": [
                "Credits",
                "\"center\""
              ],
              "subInstructions": []
            }
          ],
          "events": []
        },
        {
          "disabled": false,
          "folded": false,
          "type": "BuiltinCommonInstructions::Standard",
          "conditions": [
            {
              "type": {
                "inverted": false,
                "value": "KeyPressed"
              },
              "parameters": [
                "",
                "Escape"
              ],
              "subInstructions": []
            }
          ],
          "actions": [
            {
              "type": {
                "inverted": false,
                "value": "Quit"
              },
              "parameters": [
                ""
              ],
              "subInstructions": []
            }
          ],
          "events": []
        },
        {
          "disabled": false,
          "folded": false,
          "type": "BuiltinCommonInstructions::Standard",
          "conditions": [
            {
              "type": {
                "inverted": false,
                "value": "DepartScene"
              },
              "parameters": [
                ""
              ],
              "subInstructions": []
            }
          ],
          "actions": [
            {
              "type": {
                "inverted": false,
                "value": "PlayMusic"
              },
              "parameters": [
                "",
                "MainMenuSong.wav",
                "yes",
                "",
                ""
              ],
              "subInstructions": []
            }
          ],
          "events": []
        }
      ],
      "layers": [
        {
          "ambientLightColorB": 7082736,
          "ambientLightColorG": 7190264,
          "ambientLightColorR": 7145976,
          "followBaseLayerCamera": false,
          "isLightingLayer": false,
          "name": "",
          "visibility": true,
          "cameras": [
            {
              "defaultSize": true,
              "defaultViewport": true,
              "height": 0,
              "viewportBottom": 1,
              "viewportLeft": 0,
              "viewportRight": 1,
              "viewportTop": 0,
              "width": 0
            }
          ],
          "effects": []
        }
      ],
      "behaviorsSharedData": []
    }
  ],
  "externalEvents": [],
  "eventsFunctionsExtensions": [
    {
      "author": "",
      "description": "",
      "extensionNamespace": "",
      "fullName": "",
      "name": "NewExtension",
      "shortDescription": "",
      "tags": "",
      "version": "",
      "eventsFunctions": [],
      "eventsBasedBehaviors": []
    }
  ],
  "externalLayouts": [],
  "externalSourceFiles": []
}