{
  "firstLayout": "",
  "gdVersion": {
    "build": 98,
    "major": 4,
    "minor": 0,
    "revision": 0
  },
  "properties": {
    "adaptGameResolutionAtRuntime": true,
    "folderProject": false,
    "linuxExecutableFilename": "",
    "macExecutableFilename": "",
    "orientation": "landscape",
    "packageName": "com.example.gamename",
    "projectFile": "C:\\Users\\hbphoenix\\Desktop\\Sperm Invaders\\game.json",
    "scaleMode": "linear",
    "sizeOnStartupMode": "adaptWidth",
    "useExternalSourceFiles": false,
    "version": "1.0.0",
    "winExecutableFilename": "",
    "winExecutableIconFile": "",
    "name": "Project",
    "author": "",
    "windowWidth": 800,
    "windowHeight": 600,
    "latestCompilationDirectory": "",
    "maxFPS": 60,
    "minFPS": 20,
    "verticalSync": false,
    "platformSpecificAssets": {},
    "loadingScreen": {
      "showGDevelopSplash": false
    },
    "extensionProperties": [],
    "extensions": [
      {
        "name": "BuiltinObject"
      },
      {
        "name": "BuiltinAudio"
      },
      {
        "name": "BuiltinVariables"
      },
      {
        "name": "BuiltinTime"
      },
      {
        "name": "BuiltinMouse"
      },
      {
        "name": "BuiltinKeyboard"
      },
      {
        "name": "BuiltinJoystick"
      },
      {
        "name": "BuiltinCamera"
      },
      {
        "name": "BuiltinWindow"
      },
      {
        "name": "BuiltinFile"
      },
      {
        "name": "BuiltinNetwork"
      },
      {
        "name": "BuiltinScene"
      },
      {
        "name": "BuiltinAdvanced"
      },
      {
        "name": "Sprite"
      },
      {
        "name": "BuiltinCommonInstructions"
      },
      {
        "name": "BuiltinCommonConversions"
      },
      {
        "name": "BuiltinStringInstructions"
      },
      {
        "name": "BuiltinMathematicalTools"
      },
      {
        "name": "BuiltinExternalLayouts"
      }
    ],
    "platforms": [
      {
        "name": "GDevelop JS platform"
      }
    ],
    "currentPlatform": "GDevelop JS platform"
  },
  "resources": {
    "resources": [
      {
        "file": "OldSchoolAdventures-42j9.ttf",
        "kind": "font",
        "metadata": "",
        "name": "OldSchoolAdventures-42j9.ttf",
        "userAdded": true
      },
      {
        "alwaysLoaded": false,
        "file": "Ship-1.png",
        "kind": "image",
        "metadata": "",
        "name": "Ship-1.png",
        "smoothed": true,
        "userAdded": true
      },
      {
        "alwaysLoaded": false,
        "file": "Bullet-1.png",
        "kind": "image",
        "metadata": "",
        "name": "Bullet-1.png",
        "smoothed": true,
        "userAdded": true
      },
      {
        "alwaysLoaded": false,
        "file": "Enemy-1.png",
        "kind": "image",
        "metadata": "",
        "name": "Enemy-1.png",
        "smoothed": true,
        "userAdded": true
      },
      {
        "alwaysLoaded": false,
        "file": "Bullet-1-0.png",
        "kind": "image",
        "metadata": "",
        "name": "Bullet-1-0.png",
        "smoothed": true,
        "userAdded": true
      },
      {
        "file": "Laser Shot.wav",
        "kind": "audio",
        "metadata": "",
        "name": "Laser Shot.wav",
        "userAdded": true
      },
      {
        "file": "Theme.wav",
        "kind": "audio",
        "metadata": "",
        "name": "Theme.wav",
        "userAdded": true
      },
      {
        "alwaysLoaded": false,
        "file": "condom.png",
        "kind": "image",
        "metadata": "",
        "name": "condom.png",
        "smoothed": true,
        "userAdded": true
      },
      {
        "alwaysLoaded": false,
        "file": "Assets/Player/condom.png",
        "kind": "image",
        "metadata": "",
        "name": "Assets\\Player\\condom.png",
        "smoothed": true,
        "userAdded": false
      },
      {
        "alwaysLoaded": false,
        "file": "Assets/Shots/Bullet-1.png",
        "kind": "image",
        "metadata": "",
        "name": "Assets\\Shots\\Bullet-1.png",
        "smoothed": true,
        "userAdded": false
      },
      {
        "alwaysLoaded": false,
        "file": "Assets/Shots/Bullet-1-0.png",
        "kind": "image",
        "metadata": "",
        "name": "Assets\\Shots\\Bullet-1-0.png",
        "smoothed": true,
        "userAdded": false
      },
      {
        "alwaysLoaded": false,
        "file": "Assets/Enemy/Enemy-1.png",
        "kind": "image",
        "metadata": "",
        "name": "Assets\\Enemy\\Enemy-1.png",
        "smoothed": true,
        "userAdded": false
      },
      {
        "file": "Assets/Sounds/Laser Shot.wav",
        "kind": "audio",
        "metadata": "",
        "name": "Assets\\Sounds\\Laser Shot.wav",
        "userAdded": false
      },
      {
        "file": "Assets/Sounds/Theme.wav",
        "kind": "audio",
        "metadata": "",
        "name": "Assets\\Sounds\\Theme.wav",
        "userAdded": true
      },
      {
        "file": "Assets/Text/OldSchoolAdventures-42j9.ttf",
        "kind": "font",
        "metadata": "",
        "name": "Assets\\Text\\OldSchoolAdventures-42j9.ttf",
        "userAdded": true
      }
    ],
    "resourceFolders": []
  },
  "objects": [],
  "objectsGroups": [],
  "variables": [
    {
      "name": "Score",
      "value": ""
    },
    {
      "name": "Difficulty",
      "value": ""
    }
  ],
  "layouts": [
    {
      "b": 209,
      "disableInputWhenNotFocused": true,
      "mangledName": "Title",
      "name": "Title",
      "oglFOV": 90,
      "oglZFar": 500,
      "oglZNear": 1,
      "r": 209,
      "standardSortMethod": true,
      "stopSoundsOnStartup": true,
      "title": "",
      "v": 209,
      "uiSettings": {
        "grid": false,
        "gridB": 255,
        "gridG": 180,
        "gridHeight": 32,
        "gridOffsetX": 0,
        "gridOffsetY": 0,
        "gridR": 158,
        "gridWidth": 32,
        "snap": true,
        "windowMask": false,
        "zoomFactor": 0.712
      },
      "objectsGroups": [],
      "variables": [],
      "instances": [
        {
          "angle": 0,
          "customSize": false,
          "height": 0,
          "layer": "",
          "locked": false,
          "name": "Text",
          "persistentUuid": "572dd5c6-e23f-4107-8797-b91931b78f7f",
          "width": 0,
          "x": 41,
          "y": 239,
          "zOrder": 1,
          "numberProperties": [],
          "stringProperties": [],
          "initialVariables": []
        }
      ],
      "objects": [
        {
          "bold": false,
          "italic": false,
          "name": "Text",
          "smoothed": true,
          "tags": "",
          "type": "TextObject::Text",
          "underlined": false,
          "variables": [],
          "behaviors": [],
          "string": "Sperm Invaders\n\nPress Enter to Proceed",
          "font": "Assets\\Text\\OldSchoolAdventures-42j9.ttf",
          "characterSize": 40,
          "color": {
            "b": 255,
            "g": 255,
            "r": 255
          }
        }
      ],
      "events": [
        {
          "disabled": false,
          "folded": false,
          "type": "BuiltinCommonInstructions::Comment",
          "color": {
            "b": 109,
            "g": 230,
            "r": 255,
            "textB": 0,
            "textG": 0,
            "textR": 0
          },
          "comment": "Scene Load",
          "comment2": ""
        },
        {
          "disabled": false,
          "folded": false,
          "type": "BuiltinCommonInstructions::Standard",
          "conditions": [
            {
              "type": {
                "inverted": false,
                "value": "DepartScene"
              },
              "parameters": [
                ""
              ],
              "subInstructions": []
            }
          ],
          "actions": [
            {
              "type": {
                "inverted": false,
                "value": "SceneBackground"
              },
              "parameters": [
                "",
                "\"0;0;0\""
              ],
              "subInstructions": []
            },
            {
              "type": {
                "inverted": false,
                "value": "TextObject::SetTextAlignment"
              },
              "parameters": [
                "Text",
                "\"center\""
              ],
              "subInstructions": []
            }
          ],
          "events": []
        },
        {
          "disabled": false,
          "folded": false,
          "type": "BuiltinCommonInstructions::Comment",
          "color": {
            "b": 109,
            "g": 230,
            "r": 255,
            "textB": 0,
            "textG": 0,
            "textR": 0
          },
          "comment": "Scene Commands",
          "comment2": ""
        },
        {
          "disabled": false,
          "folded": false,
          "type": "BuiltinCommonInstructions::Standard",
          "conditions": [
            {
              "type": {
                "inverted": false,
                "value": "KeyPressed"
              },
              "parameters": [
                "",
                "Return"
              ],
              "subInstructions": []
            }
          ],
          "actions": [
            {
              "type": {
                "inverted": false,
                "value": "Scene"
              },
              "parameters": [
                "",
                "\"Difficulty\"",
                ""
              ],
              "subInstructions": []
            }
          ],
          "events": []
        }
      ],
      "layers": [
        {
          "ambientLightColorB": 16,
          "ambientLightColorG": 7062280,
          "ambientLightColorR": 98,
          "followBaseLayerCamera": false,
          "isLightingLayer": false,
          "name": "",
          "visibility": true,
          "cameras": [
            {
              "defaultSize": true,
              "defaultViewport": true,
              "height": 0,
              "viewportBottom": 1,
              "viewportLeft": 0,
              "viewportRight": 1,
              "viewportTop": 0,
              "width": 0
            }
          ],
          "effects": []
        }
      ],
      "behaviorsSharedData": []
    },
    {
      "b": 209,
      "disableInputWhenNotFocused": true,
      "mangledName": "Difficulty",
      "name": "Difficulty",
      "oglFOV": 90,
      "oglZFar": 500,
      "oglZNear": 1,
      "r": 209,
      "standardSortMethod": true,
      "stopSoundsOnStartup": true,
      "title": "",
      "v": 209,
      "uiSettings": {
        "grid": false,
        "gridB": 255,
        "gridG": 180,
        "gridHeight": 32,
        "gridOffsetX": 0,
        "gridOffsetY": 0,
        "gridR": 158,
        "gridWidth": 32,
        "snap": true,
        "windowMask": false,
        "zoomFactor": 0.88
      },
      "objectsGroups": [],
      "variables": [],
      "instances": [
        {
          "angle": 0,
          "customSize": false,
          "height": 0,
          "layer": "",
          "locked": false,
          "name": "Title",
          "persistentUuid": "21fbddf1-279d-4665-8d18-80576e9a165e",
          "width": 0,
          "x": 108,
          "y": 37,
          "zOrder": 1,
          "numberProperties": [],
          "stringProperties": [],
          "initialVariables": []
        },
        {
          "angle": 0,
          "customSize": false,
          "height": 0,
          "layer": "",
          "locked": false,
          "name": "EASY",
          "persistentUuid": "524fe941-71ed-4c3d-8b1d-125991b75a96",
          "width": 0,
          "x": 110,
          "y": 271,
          "zOrder": 2,
          "numberProperties": [],
          "stringProperties": [],
          "initialVariables": []
        },
        {
          "angle": 0,
          "customSize": false,
          "height": 0,
          "layer": "",
          "locked": false,
          "name": "HARD",
          "persistentUuid": "9184d87a-19a1-4a84-a397-c88e51453008",
          "width": 0,
          "x": 151,
          "y": 486,
          "zOrder": 3,
          "numberProperties": [],
          "stringProperties": [],
          "initialVariables": []
        },
        {
          "angle": 0,
          "customSize": false,
          "height": 0,
          "layer": "",
          "locked": false,
          "name": "MEDIUM",
          "persistentUuid": "f583161f-e99a-477e-969a-57fa096637f3",
          "width": 0,
          "x": 125,
          "y": 382,
          "zOrder": 4,
          "numberProperties": [],
          "stringProperties": [],
          "initialVariables": []
        }
      ],
      "objects": [
        {
          "bold": false,
          "italic": false,
          "name": "Title",
          "smoothed": true,
          "tags": "",
          "type": "TextObject::Text",
          "underlined": false,
          "variables": [],
          "behaviors": [],
          "string": "CHOOSE YOUR\n\n  DIFFICULTY",
          "font": "Assets\\Text\\OldSchoolAdventures-42j9.ttf",
          "characterSize": 50,
          "color": {
            "b": 255,
            "g": 255,
            "r": 255
          }
        },
        {
          "bold": false,
          "italic": false,
          "name": "EASY",
          "smoothed": true,
          "tags": "",
          "type": "TextObject::Text",
          "underlined": false,
          "variables": [],
          "behaviors": [],
          "string": "SPERMATOGONIA",
          "font": "Assets\\Text\\OldSchoolAdventures-42j9.ttf",
          "characterSize": 40,
          "color": {
            "b": 5,
            "g": 117,
            "r": 65
          }
        },
        {
          "bold": false,
          "italic": false,
          "name": "MEDIUM",
          "smoothed": true,
          "tags": "",
          "type": "TextObject::Text",
          "underlined": false,
          "variables": [],
          "behaviors": [],
          "string": "SPERMATOCYTE",
          "font": "Assets\\Text\\OldSchoolAdventures-42j9.ttf",
          "characterSize": 40,
          "color": {
            "b": 35,
            "g": 166,
            "r": 245
          }
        },
        {
          "bold": true,
          "italic": false,
          "name": "HARD",
          "smoothed": true,
          "tags": "",
          "type": "TextObject::Text",
          "underlined": false,
          "variables": [],
          "behaviors": [],
          "string": "SPERMATOZOA",
          "font": "Assets\\Text\\OldSchoolAdventures-42j9.ttf",
          "characterSize": 40,
          "color": {
            "b": 34,
            "g": 7,
            "r": 236
          }
        }
      ],
      "events": [
        {
          "disabled": false,
          "folded": false,
          "type": "BuiltinCommonInstructions::Comment",
          "color": {
            "b": 109,
            "g": 230,
            "r": 255,
            "textB": 0,
            "textG": 0,
            "textR": 0
          },
          "comment": "Scene Load",
          "comment2": ""
        },
        {
          "disabled": false,
          "folded": false,
          "type": "BuiltinCommonInstructions::Standard",
          "conditions": [
            {
              "type": {
                "inverted": false,
                "value": "DepartScene"
              },
              "parameters": [
                ""
              ],
              "subInstructions": []
            }
          ],
          "actions": [
            {
              "type": {
                "inverted": false,
                "value": "SceneBackground"
              },
              "parameters": [
                "",
                "\"0;0;0\""
              ],
              "subInstructions": []
            },
            {
              "type": {
                "inverted": false,
                "value": "TextObject::SetTextAlignment"
              },
              "parameters": [
                "Title",
                "\"center\""
              ],
              "subInstructions": []
            },
            {
              "type": {
                "inverted": false,
                "value": "TextObject::SetTextAlignment"
              },
              "parameters": [
                "EASY",
                "\"center\""
              ],
              "subInstructions": []
            },
            {
              "type": {
                "inverted": false,
                "value": "TextObject::SetTextAlignment"
              },
              "parameters": [
                "MEDIUM",
                "\"center\""
              ],
              "subInstructions": []
            },
            {
              "type": {
                "inverted": false,
                "value": "TextObject::SetTextAlignment"
              },
              "parameters": [
                "HARD",
                "\"center\""
              ],
              "subInstructions": []
            }
          ],
          "events": []
        },
        {
          "disabled": false,
          "folded": false,
          "type": "BuiltinCommonInstructions::Comment",
          "color": {
            "b": 109,
            "g": 230,
            "r": 255,
            "textB": 0,
            "textG": 0,
            "textR": 0
          },
          "comment": "Difficulty Selection",
          "comment2": ""
        },
        {
          "disabled": false,
          "folded": false,
          "type": "BuiltinCommonInstructions::Standard",
          "conditions": [
            {
              "type": {
                "inverted": false,
                "value": "BuiltinCommonInstructions::And"
              },
              "parameters": [],
              "subInstructions": [
                {
                  "type": {
                    "inverted": false,
                    "value": "SourisSurObjet"
                  },
                  "parameters": [
                    "EASY",
                    "",
                    "",
                    ""
                  ],
                  "subInstructions": []
                },
                {
                  "type": {
                    "inverted": false,
                    "value": "SourisBouton"
                  },
                  "parameters": [
                    "",
                    "Left"
                  ],
                  "subInstructions": []
                }
              ]
            }
          ],
          "actions": [
            {
              "type": {
                "inverted": false,
                "value": "Scene"
              },
              "parameters": [
                "",
                "\"Intro\"",
                ""
              ],
              "subInstructions": []
            },
            {
              "type": {
                "inverted": false,
                "value": "ModVarGlobal"
              },
              "parameters": [
                "Difficulty",
                "=",
                "1"
              ],
              "subInstructions": []
            }
          ],
          "events": []
        },
        {
          "disabled": false,
          "folded": false,
          "type": "BuiltinCommonInstructions::Standard",
          "conditions": [
            {
              "type": {
                "inverted": false,
                "value": "BuiltinCommonInstructions::And"
              },
              "parameters": [],
              "subInstructions": [
                {
                  "type": {
                    "inverted": false,
                    "value": "SourisSurObjet"
                  },
                  "parameters": [
                    "MEDIUM",
                    "",
                    "",
                    ""
                  ],
                  "subInstructions": []
                },
                {
                  "type": {
                    "inverted": false,
                    "value": "SourisBouton"
                  },
                  "parameters": [
                    "",
                    "Left"
                  ],
                  "subInstructions": []
                }
              ]
            }
          ],
          "actions": [
            {
              "type": {
                "inverted": false,
                "value": "Scene"
              },
              "parameters": [
                "",
                "\"Intro\"",
                ""
              ],
              "subInstructions": []
            },
            {
              "type": {
                "inverted": false,
                "value": "ModVarGlobal"
              },
              "parameters": [
                "Difficulty",
                "=",
                "2"
              ],
              "subInstructions": []
            }
          ],
          "events": []
        },
        {
          "disabled": false,
          "folded": false,
          "type": "BuiltinCommonInstructions::Standard",
          "conditions": [
            {
              "type": {
                "inverted": false,
                "value": "BuiltinCommonInstructions::And"
              },
              "parameters": [],
              "subInstructions": [
                {
                  "type": {
                    "inverted": false,
                    "value": "SourisSurObjet"
                  },
                  "parameters": [
                    "HARD",
                    "",
                    "",
                    ""
                  ],
                  "subInstructions": []
                },
                {
                  "type": {
                    "inverted": false,
                    "value": "SourisBouton"
                  },
                  "parameters": [
                    "",
                    "Left"
                  ],
                  "subInstructions": []
                }
              ]
            }
          ],
          "actions": [
            {
              "type": {
                "inverted": false,
                "value": "Scene"
              },
              "parameters": [
                "",
                "\"Intro\"",
                ""
              ],
              "subInstructions": []
            },
            {
              "type": {
                "inverted": false,
                "value": "ModVarGlobal"
              },
              "parameters": [
                "Difficulty",
                "=",
                "3"
              ],
              "subInstructions": []
            }
          ],
          "events": []
        },
        {
          "disabled": false,
          "folded": false,
          "type": "BuiltinCommonInstructions::Standard",
          "conditions": [],
          "actions": [],
          "events": []
        }
      ],
      "layers": [
        {
          "ambientLightColorB": 7466784,
          "ambientLightColorG": 7033816,
          "ambientLightColorR": 0,
          "followBaseLayerCamera": false,
          "isLightingLayer": false,
          "name": "",
          "visibility": true,
          "cameras": [
            {
              "defaultSize": true,
              "defaultViewport": true,
              "height": 0,
              "viewportBottom": 1,
              "viewportLeft": 0,
              "viewportRight": 1,
              "viewportTop": 0,
              "width": 0
            }
          ],
          "effects": []
        }
      ],
      "behaviorsSharedData": []
    },
    {
      "b": 209,
      "disableInputWhenNotFocused": true,
      "mangledName": "Intro",
      "name": "Intro",
      "oglFOV": 90,
      "oglZFar": 500,
      "oglZNear": 1,
      "r": 209,
      "standardSortMethod": true,
      "stopSoundsOnStartup": true,
      "title": "",
      "v": 209,
      "uiSettings": {
        "grid": false,
        "gridB": 255,
        "gridG": 180,
        "gridHeight": 32,
        "gridOffsetX": 0,
        "gridOffsetY": 0,
        "gridR": 158,
        "gridWidth": 32,
        "snap": true,
        "windowMask": false,
        "zoomFactor": 1
      },
      "objectsGroups": [],
      "variables": [],
      "instances": [
        {
          "angle": 0,
          "customSize": true,
          "height": 445,
          "layer": "",
          "locked": false,
          "name": "Text",
          "persistentUuid": "ef8ce1dc-1618-4516-8070-fd20d06378f6",
          "width": 700,
          "x": 69,
          "y": 82,
          "zOrder": 1,
          "numberProperties": [],
          "stringProperties": [],
          "initialVariables": []
        }
      ],
      "objects": [
        {
          "bold": false,
          "italic": false,
          "name": "Text",
          "smoothed": true,
          "tags": "",
          "type": "TextObject::Text",
          "underlined": false,
          "variables": [],
          "behaviors": [],
          "string": "Destroy as many sperm cells as you can!\n\nControls\n\nWASD or Arrow Keys to move\n\nUse Space to fire your weapon\n\n\nPress Enter to continue",
          "font": "Assets\\Text\\OldSchoolAdventures-42j9.ttf",
          "characterSize": 30,
          "color": {
            "b": 255,
            "g": 255,
            "r": 255
          }
        }
      ],
      "events": [
        {
          "disabled": false,
          "folded": false,
          "type": "BuiltinCommonInstructions::Comment",
          "color": {
            "b": 109,
            "g": 230,
            "r": 255,
            "textB": 0,
            "textG": 0,
            "textR": 0
          },
          "comment": "Scene Load",
          "comment2": ""
        },
        {
          "disabled": false,
          "folded": false,
          "type": "BuiltinCommonInstructions::Standard",
          "conditions": [
            {
              "type": {
                "inverted": false,
                "value": "DepartScene"
              },
              "parameters": [
                ""
              ],
              "subInstructions": []
            }
          ],
          "actions": [
            {
              "type": {
                "inverted": false,
                "value": "SceneBackground"
              },
              "parameters": [
                "",
                "\"0;0;0\""
              ],
              "subInstructions": []
            },
            {
              "type": {
                "inverted": false,
                "value": "TextObject::SetTextAlignment"
              },
              "parameters": [
                "Text",
                "\"left\""
              ],
              "subInstructions": []
            }
          ],
          "events": []
        },
        {
          "disabled": false,
          "folded": false,
          "type": "BuiltinCommonInstructions::Comment",
          "color": {
            "b": 109,
            "g": 230,
            "r": 255,
            "textB": 0,
            "textG": 0,
            "textR": 0
          },
          "comment": "Select Easy",
          "comment2": ""
        },
        {
          "disabled": false,
          "folded": false,
          "type": "BuiltinCommonInstructions::Standard",
          "conditions": [
            {
              "type": {
                "inverted": false,
                "value": "BuiltinCommonInstructions::And"
              },
              "parameters": [],
              "subInstructions": [
                {
                  "type": {
                    "inverted": false,
                    "value": "KeyPressed"
                  },
                  "parameters": [
                    "",
                    "Return"
                  ],
                  "subInstructions": []
                },
                {
                  "type": {
                    "inverted": false,
                    "value": "VarGlobal"
                  },
                  "parameters": [
                    "Difficulty",
                    "=",
                    "1"
                  ],
                  "subInstructions": []
                }
              ]
            }
          ],
          "actions": [
            {
              "type": {
                "inverted": false,
                "value": "Scene"
              },
              "parameters": [
                "",
                "\"Level01\"",
                ""
              ],
              "subInstructions": []
            }
          ],
          "events": []
        },
        {
          "disabled": false,
          "folded": false,
          "type": "BuiltinCommonInstructions::Comment",
          "color": {
            "b": 109,
            "g": 230,
            "r": 255,
            "textB": 0,
            "textG": 0,
            "textR": 0
          },
          "comment": "Select Medium",
          "comment2": ""
        },
        {
          "disabled": false,
          "folded": false,
          "type": "BuiltinCommonInstructions::Standard",
          "conditions": [
            {
              "type": {
                "inverted": false,
                "value": "BuiltinCommonInstructions::And"
              },
              "parameters": [],
              "subInstructions": [
                {
                  "type": {
                    "inverted": false,
                    "value": "KeyPressed"
                  },
                  "parameters": [
                    "",
                    "Return"
                  ],
                  "subInstructions": []
                },
                {
                  "type": {
                    "inverted": false,
                    "value": "VarGlobal"
                  },
                  "parameters": [
                    "Difficulty",
                    "=",
                    "2"
                  ],
                  "subInstructions": []
                }
              ]
            }
          ],
          "actions": [
            {
              "type": {
                "inverted": false,
                "value": "Scene"
              },
              "parameters": [
                "",
                "\"Level01\"",
                ""
              ],
              "subInstructions": []
            }
          ],
          "events": []
        },
        {
          "disabled": false,
          "folded": false,
          "type": "BuiltinCommonInstructions::Comment",
          "color": {
            "b": 109,
            "g": 230,
            "r": 255,
            "textB": 0,
            "textG": 0,
            "textR": 0
          },
          "comment": "Select Hard",
          "comment2": ""
        },
        {
          "disabled": false,
          "folded": false,
          "type": "BuiltinCommonInstructions::Standard",
          "conditions": [
            {
              "type": {
                "inverted": false,
                "value": "BuiltinCommonInstructions::And"
              },
              "parameters": [],
              "subInstructions": [
                {
                  "type": {
                    "inverted": false,
                    "value": "KeyPressed"
                  },
                  "parameters": [
                    "",
                    "Return"
                  ],
                  "subInstructions": []
                },
                {
                  "type": {
                    "inverted": false,
                    "value": "VarGlobal"
                  },
                  "parameters": [
                    "Difficulty",
                    "=",
                    "3"
                  ],
                  "subInstructions": []
                }
              ]
            }
          ],
          "actions": [
            {
              "type": {
                "inverted": false,
                "value": "Scene"
              },
              "parameters": [
                "",
                "\"Level01\"",
                ""
              ],
              "subInstructions": []
            }
          ],
          "events": []
        },
        {
          "disabled": false,
          "folded": false,
          "type": "BuiltinCommonInstructions::Comment",
          "color": {
            "b": 109,
            "g": 230,
            "r": 255,
            "textB": 0,
            "textG": 0,
            "textR": 0
          },
          "comment": "Escape",
          "comment2": ""
        },
        {
          "disabled": false,
          "folded": false,
          "type": "BuiltinCommonInstructions::Standard",
          "conditions": [
            {
              "type": {
                "inverted": false,
                "value": "KeyPressed"
              },
              "parameters": [
                "",
                "Escape"
              ],
              "subInstructions": []
            }
          ],
          "actions": [
            {
              "type": {
                "inverted": false,
                "value": "Quit"
              },
              "parameters": [
                ""
              ],
              "subInstructions": []
            }
          ],
          "events": []
        }
      ],
      "layers": [
        {
          "ambientLightColorB": 7186344,
          "ambientLightColorG": 6913552,
          "ambientLightColorR": 0,
          "followBaseLayerCamera": false,
          "isLightingLayer": false,
          "name": "",
          "visibility": true,
          "cameras": [
            {
              "defaultSize": true,
              "defaultViewport": true,
              "height": 0,
              "viewportBottom": 1,
              "viewportLeft": 0,
              "viewportRight": 1,
              "viewportTop": 0,
              "width": 0
            }
          ],
          "effects": []
        }
      ],
      "behaviorsSharedData": []
    },
    {
      "b": 209,
      "disableInputWhenNotFocused": true,
      "mangledName": "Level01",
      "name": "Level01",
      "oglFOV": 90,
      "oglZFar": 500,
      "oglZNear": 1,
      "r": 209,
      "standardSortMethod": true,
      "stopSoundsOnStartup": true,
      "title": "",
      "v": 209,
      "uiSettings": {
        "grid": false,
        "gridB": 255,
        "gridG": 180,
        "gridHeight": 32,
        "gridOffsetX": 0,
        "gridOffsetY": 0,
        "gridR": 158,
        "gridWidth": 32,
        "snap": true,
        "windowMask": false,
        "zoomFactor": 0.808
      },
      "objectsGroups": [],
      "variables": [],
      "instances": [
        {
          "angle": 0,
          "customSize": true,
          "height": 80,
          "layer": "",
          "locked": false,
          "name": "Player",
          "persistentUuid": "a1d15101-14c2-475b-8523-6f9f84869e7b",
          "width": 64,
          "x": 343,
          "y": 446,
          "zOrder": 1,
          "numberProperties": [],
          "stringProperties": [],
          "initialVariables": []
        },
        {
          "angle": 0,
          "customSize": true,
          "height": 45,
          "layer": "GUI",
          "locked": false,
          "name": "Score",
          "persistentUuid": "5626aa5c-7a9b-4fcc-b7d8-0d91ae6651c8",
          "width": 377,
          "x": 16,
          "y": 45,
          "zOrder": 2,
          "numberProperties": [],
          "stringProperties": [],
          "initialVariables": []
        },
        {
          "angle": 0,
          "customSize": true,
          "height": 30,
          "layer": "",
          "locked": false,
          "name": "Bullet",
          "persistentUuid": "4be92ff2-5b57-4d7b-9be3-a6d306fcd342",
          "width": 16,
          "x": 365,
          "y": 418,
          "zOrder": 3,
          "numberProperties": [],
          "stringProperties": [],
          "initialVariables": []
        },
        {
          "angle": 0,
          "customSize": false,
          "height": 0,
          "layer": "",
          "locked": false,
          "name": "Enemy",
          "persistentUuid": "6278b6b8-8e50-4fe2-9536-aeec55fdc3db",
          "width": 0,
          "x": 36,
          "y": -78,
          "zOrder": 4,
          "numberProperties": [],
          "stringProperties": [],
          "initialVariables": []
        },
        {
          "angle": 0,
          "customSize": false,
          "height": 0,
          "layer": "",
          "locked": false,
          "name": "Enemy",
          "persistentUuid": "89569c29-6d2a-410b-93ca-ef8c83756485",
          "width": 0,
          "x": 135,
          "y": -146,
          "zOrder": 5,
          "numberProperties": [],
          "stringProperties": [],
          "initialVariables": []
        },
        {
          "angle": 0,
          "customSize": false,
          "height": 0,
          "layer": "",
          "locked": false,
          "name": "Enemy",
          "persistentUuid": "55da4742-dd47-4b76-822b-cf0de714f820",
          "width": 0,
          "x": 233,
          "y": -80,
          "zOrder": 6,
          "numberProperties": [],
          "stringProperties": [],
          "initialVariables": []
        },
        {
          "angle": 0,
          "customSize": false,
          "height": 0,
          "layer": "",
          "locked": false,
          "name": "Enemy",
          "persistentUuid": "fc8ff5b2-13dc-4288-b327-7941c1c49bd1",
          "width": 0,
          "x": 335,
          "y": -139,
          "zOrder": 7,
          "numberProperties": [],
          "stringProperties": [],
          "initialVariables": []
        },
        {
          "angle": 0,
          "customSize": false,
          "height": 0,
          "layer": "",
          "locked": false,
          "name": "Enemy",
          "persistentUuid": "46b4cb64-8584-4225-83aa-1710c1ad8c8f",
          "width": 0,
          "x": 432,
          "y": -79,
          "zOrder": 8,
          "numberProperties": [],
          "stringProperties": [],
          "initialVariables": []
        },
        {
          "angle": 0,
          "customSize": false,
          "height": 0,
          "layer": "",
          "locked": false,
          "name": "Enemy",
          "persistentUuid": "664f4a08-1a2e-4a0c-9b2d-e7a7f0e27558",
          "width": 0,
          "x": 518,
          "y": -139,
          "zOrder": 9,
          "numberProperties": [],
          "stringProperties": [],
          "initialVariables": []
        },
        {
          "angle": 0,
          "customSize": false,
          "height": 0,
          "layer": "",
          "locked": false,
          "name": "Enemy",
          "persistentUuid": "07fab2bb-72f5-42a6-8dcb-1c8247a2e75b",
          "width": 0,
          "x": 614,
          "y": -77,
          "zOrder": 10,
          "numberProperties": [],
          "stringProperties": [],
          "initialVariables": []
        },
        {
          "angle": 0,
          "customSize": false,
          "height": 0,
          "layer": "",
          "locked": false,
          "name": "Enemy",
          "persistentUuid": "d5618f85-1297-4c48-9f2b-f069eb583a0e",
          "width": 0,
          "x": 701,
          "y": -142,
          "zOrder": 11,
          "numberProperties": [],
          "stringProperties": [],
          "initialVariables": []
        }
      ],
      "objects": [
        {
          "name": "Player",
          "tags": "",
          "type": "Sprite",
          "updateIfNotVisible": false,
          "variables": [],
          "behaviors": [],
          "animations": [
            {
              "name": "",
              "useMultipleDirections": false,
              "directions": [
                {
                  "looping": false,
                  "timeBetweenFrames": 0.08,
                  "sprites": [
                    {
                      "hasCustomCollisionMask": false,
                      "image": "Assets\\Player\\condom.png",
                      "points": [],
                      "originPoint": {
                        "name": "origine",
                        "x": 0,
                        "y": 0
                      },
                      "centerPoint": {
                        "automatic": true,
                        "name": "centre",
                        "x": 0,
                        "y": 0
                      },
                      "customCollisionMask": []
                    }
                  ]
                }
              ]
            }
          ]
        },
        {
          "bold": false,
          "italic": false,
          "name": "Score",
          "smoothed": true,
          "tags": "",
          "type": "TextObject::Text",
          "underlined": false,
          "variables": [],
          "behaviors": [],
          "string": "Score: 0000",
          "font": "Assets\\Text\\OldSchoolAdventures-42j9.ttf",
          "characterSize": 40,
          "color": {
            "b": 255,
            "g": 255,
            "r": 255
          }
        },
        {
          "name": "Bullet",
          "tags": "",
          "type": "Sprite",
          "updateIfNotVisible": false,
          "variables": [],
          "behaviors": [],
          "animations": [
            {
              "name": "Bullet",
              "useMultipleDirections": false,
              "directions": [
                {
                  "looping": false,
                  "timeBetweenFrames": 0.08,
                  "sprites": [
                    {
                      "hasCustomCollisionMask": false,
                      "image": "Assets\\Shots\\Bullet-1-0.png",
                      "points": [],
                      "originPoint": {
                        "name": "origine",
                        "x": 0,
                        "y": 0
                      },
                      "centerPoint": {
                        "automatic": true,
                        "name": "centre",
                        "x": 0,
                        "y": 0
                      },
                      "customCollisionMask": []
                    }
                  ]
                }
              ]
            }
          ]
        },
        {
          "name": "Enemy",
          "tags": "",
          "type": "Sprite",
          "updateIfNotVisible": false,
          "variables": [],
          "behaviors": [],
          "animations": [
            {
              "name": "Enemy",
              "useMultipleDirections": false,
              "directions": [
                {
                  "looping": false,
                  "timeBetweenFrames": 0.08,
                  "sprites": [
                    {
                      "hasCustomCollisionMask": false,
                      "image": "Assets\\Enemy\\Enemy-1.png",
                      "points": [],
                      "originPoint": {
                        "name": "origine",
                        "x": 0,
                        "y": 0
                      },
                      "centerPoint": {
                        "automatic": true,
                        "name": "centre",
                        "x": 0,
                        "y": 0
                      },
                      "customCollisionMask": []
                    }
                  ]
                }
              ]
            }
          ]
        }
      ],
      "events": [
        {
          "disabled": false,
          "folded": false,
          "type": "BuiltinCommonInstructions::Comment",
          "color": {
            "b": 109,
            "g": 230,
            "r": 255,
            "textB": 0,
            "textG": 0,
            "textR": 0
          },
          "comment": "Level Startup",
          "comment2": ""
        },
        {
          "disabled": false,
          "folded": false,
          "type": "BuiltinCommonInstructions::Standard",
          "conditions": [
            {
              "type": {
                "inverted": false,
                "value": "DepartScene"
              },
              "parameters": [
                ""
              ],
              "subInstructions": []
            }
          ],
          "actions": [
            {
              "type": {
                "inverted": false,
                "value": "SceneBackground"
              },
              "parameters": [
                "",
                "\"0;0;0\""
              ],
              "subInstructions": []
            },
            {
              "type": {
                "inverted": false,
                "value": "Cache"
              },
              "parameters": [
                "Bullet"
              ],
              "subInstructions": []
            },
            {
              "type": {
                "inverted": false,
                "value": "ModVarGlobal"
              },
              "parameters": [
                "Score",
                "=",
                "0"
              ],
              "subInstructions": []
            },
            {
              "type": {
                "inverted": false,
                "value": "TextObject::String"
              },
              "parameters": [
                "Score",
                "=",
                "\"Score: \" + ToString(GlobalVariable(Score))"
              ],
              "subInstructions": []
            },
            {
              "type": {
                "inverted": false,
                "value": "PlayMusic"
              },
              "parameters": [
                "",
                "Assets\\Sounds\\Theme.wav",
                "yes",
                "",
                ""
              ],
              "subInstructions": []
            }
          ],
          "events": []
        },
        {
          "disabled": false,
          "folded": false,
          "type": "BuiltinCommonInstructions::Comment",
          "color": {
            "b": 109,
            "g": 230,
            "r": 255,
            "textB": 0,
            "textG": 0,
            "textR": 0
          },
          "comment": "Quit Game",
          "comment2": ""
        },
        {
          "disabled": false,
          "folded": false,
          "type": "BuiltinCommonInstructions::Standard",
          "conditions": [
            {
              "type": {
                "inverted": false,
                "value": "KeyPressed"
              },
              "parameters": [
                "",
                "Escape"
              ],
              "subInstructions": []
            }
          ],
          "actions": [
            {
              "type": {
                "inverted": false,
                "value": "Quit"
              },
              "parameters": [
                ""
              ],
              "subInstructions": []
            }
          ],
          "events": []
        },
        {
          "disabled": false,
          "folded": false,
          "type": "BuiltinCommonInstructions::Comment",
          "color": {
            "b": 109,
            "g": 230,
            "r": 255,
            "textB": 0,
            "textG": 0,
            "textR": 0
          },
          "comment": "Player Controls",
          "comment2": ""
        },
        {
          "disabled": false,
          "folded": false,
          "type": "BuiltinCommonInstructions::Standard",
          "conditions": [
            {
              "type": {
                "inverted": false,
                "value": "BuiltinCommonInstructions::Or"
              },
              "parameters": [],
              "subInstructions": [
                {
                  "type": {
                    "inverted": false,
                    "value": "BuiltinCommonInstructions::And"
                  },
                  "parameters": [],
                  "subInstructions": [
                    {
                      "type": {
                        "inverted": false,
                        "value": "PosX"
                      },
                      "parameters": [
                        "Player",
                        ">",
                        "-15"
                      ],
                      "subInstructions": []
                    },
                    {
                      "type": {
                        "inverted": false,
                        "value": "KeyPressed"
                      },
                      "parameters": [
                        "",
                        "Left"
                      ],
                      "subInstructions": []
                    }
                  ]
                },
                {
                  "type": {
                    "inverted": false,
                    "value": "BuiltinCommonInstructions::And"
                  },
                  "parameters": [],
                  "subInstructions": [
                    {
                      "type": {
                        "inverted": false,
                        "value": "PosX"
                      },
                      "parameters": [
                        "Player",
                        ">",
                        "-15"
                      ],
                      "subInstructions": []
                    },
                    {
                      "type": {
                        "inverted": false,
                        "value": "KeyPressed"
                      },
                      "parameters": [
                        "",
                        "a"
                      ],
                      "subInstructions": []
                    }
                  ]
                }
              ]
            }
          ],
          "actions": [
            {
              "type": {
                "inverted": false,
                "value": "AddForceXY"
              },
              "parameters": [
                "Player",
                "-300",
                "0",
                ""
              ],
              "subInstructions": []
            }
          ],
          "events": []
        },
        {
          "disabled": false,
          "folded": false,
          "type": "BuiltinCommonInstructions::Standard",
          "conditions": [
            {
              "type": {
                "inverted": false,
                "value": "BuiltinCommonInstructions::Or"
              },
              "parameters": [],
              "subInstructions": [
                {
                  "type": {
                    "inverted": false,
                    "value": "BuiltinCommonInstructions::And"
                  },
                  "parameters": [],
                  "subInstructions": [
                    {
                      "type": {
                        "inverted": false,
                        "value": "KeyPressed"
                      },
                      "parameters": [
                        "",
                        "Right"
                      ],
                      "subInstructions": []
                    },
                    {
                      "type": {
                        "inverted": false,
                        "value": "PosX"
                      },
                      "parameters": [
                        "Player",
                        "<",
                        "750"
                      ],
                      "subInstructions": []
                    }
                  ]
                },
                {
                  "type": {
                    "inverted": false,
                    "value": "BuiltinCommonInstructions::And"
                  },
                  "parameters": [],
                  "subInstructions": [
                    {
                      "type": {
                        "inverted": false,
                        "value": "KeyPressed"
                      },
                      "parameters": [
                        "",
                        "d"
                      ],
                      "subInstructions": []
                    },
                    {
                      "type": {
                        "inverted": false,
                        "value": "PosX"
                      },
                      "parameters": [
                        "Player",
                        "<",
                        "750"
                      ],
                      "subInstructions": []
                    }
                  ]
                }
              ]
            }
          ],
          "actions": [
            {
              "type": {
                "inverted": false,
                "value": "AddForceXY"
              },
              "parameters": [
                "Player",
                "300",
                "0",
                ""
              ],
              "subInstructions": []
            }
          ],
          "events": []
        },
        {
          "disabled": false,
          "folded": false,
          "type": "BuiltinCommonInstructions::Standard",
          "conditions": [
            {
              "type": {
                "inverted": false,
                "value": "BuiltinCommonInstructions::Or"
              },
              "parameters": [],
              "subInstructions": [
                {
                  "type": {
                    "inverted": false,
                    "value": "BuiltinCommonInstructions::And"
                  },
                  "parameters": [],
                  "subInstructions": [
                    {
                      "type": {
                        "inverted": false,
                        "value": "KeyPressed"
                      },
                      "parameters": [
                        "",
                        "Up"
                      ],
                      "subInstructions": []
                    },
                    {
                      "type": {
                        "inverted": false,
                        "value": "PosY"
                      },
                      "parameters": [
                        "Player",
                        ">",
                        "0"
                      ],
                      "subInstructions": []
                    }
                  ]
                },
                {
                  "type": {
                    "inverted": false,
                    "value": "BuiltinCommonInstructions::And"
                  },
                  "parameters": [],
                  "subInstructions": [
                    {
                      "type": {
                        "inverted": false,
                        "value": "KeyPressed"
                      },
                      "parameters": [
                        "",
                        "w"
                      ],
                      "subInstructions": []
                    },
                    {
                      "type": {
                        "inverted": false,
                        "value": "PosY"
                      },
                      "parameters": [
                        "Player",
                        ">",
                        "0"
                      ],
                      "subInstructions": []
                    }
                  ]
                }
              ]
            }
          ],
          "actions": [
            {
              "type": {
                "inverted": false,
                "value": "AddForceXY"
              },
              "parameters": [
                "Player",
                "0",
                "-250",
                ""
              ],
              "subInstructions": []
            }
          ],
          "events": []
        },
        {
          "disabled": false,
          "folded": false,
          "type": "BuiltinCommonInstructions::Standard",
          "conditions": [
            {
              "type": {
                "inverted": false,
                "value": "BuiltinCommonInstructions::Or"
              },
              "parameters": [],
              "subInstructions": [
                {
                  "type": {
                    "inverted": false,
                    "value": "BuiltinCommonInstructions::And"
                  },
                  "parameters": [],
                  "subInstructions": [
                    {
                      "type": {
                        "inverted": false,
                        "value": "KeyPressed"
                      },
                      "parameters": [
                        "",
                        "Down"
                      ],
                      "subInstructions": []
                    },
                    {
                      "type": {
                        "inverted": false,
                        "value": "PosY"
                      },
                      "parameters": [
                        "Player",
                        "<",
                        "520"
                      ],
                      "subInstructions": []
                    }
                  ]
                },
                {
                  "type": {
                    "inverted": false,
                    "value": "BuiltinCommonInstructions::And"
                  },
                  "parameters": [],
                  "subInstructions": [
                    {
                      "type": {
                        "inverted": false,
                        "value": "KeyPressed"
                      },
                      "parameters": [
                        "",
                        "s"
                      ],
                      "subInstructions": []
                    },
                    {
                      "type": {
                        "inverted": false,
                        "value": "PosY"
                      },
                      "parameters": [
                        "Player",
                        "<",
                        "520"
                      ],
                      "subInstructions": []
                    }
                  ]
                }
              ]
            }
          ],
          "actions": [
            {
              "type": {
                "inverted": false,
                "value": "AddForceXY"
              },
              "parameters": [
                "Player",
                "0",
                "250",
                ""
              ],
              "subInstructions": []
            }
          ],
          "events": []
        },
        {
          "disabled": false,
          "folded": false,
          "type": "BuiltinCommonInstructions::Standard",
          "conditions": [
            {
              "type": {
                "inverted": false,
                "value": "KeyPressed"
              },
              "parameters": [
                "",
                "Space"
              ],
              "subInstructions": []
            },
            {
              "type": {
                "inverted": false,
                "value": "BuiltinCommonInstructions::Once"
              },
              "parameters": [],
              "subInstructions": []
            }
          ],
          "actions": [
            {
              "type": {
                "inverted": false,
                "value": "Create"
              },
              "parameters": [
                "",
                "Bullet",
                "Player.X()+20",
                "Player.Y()",
                ""
              ],
              "subInstructions": []
            },
            {
              "type": {
                "inverted": false,
                "value": "AddForceXY"
              },
              "parameters": [
                "Bullet",
                "0",
                "-300",
                "1"
              ],
              "subInstructions": []
            },
            {
              "type": {
                "inverted": false,
                "value": "PlaySound"
              },
              "parameters": [
                "",
                "Assets\\Sounds\\Laser Shot.wav",
                "",
                "",
                "25"
              ],
              "subInstructions": []
            }
          ],
          "events": []
        },
        {
          "disabled": false,
          "folded": false,
          "type": "BuiltinCommonInstructions::Comment",
          "color": {
            "b": 109,
            "g": 230,
            "r": 255,
            "textB": 0,
            "textG": 0,
            "textR": 0
          },
          "comment": "Bullet Collision / Enemy Respawn",
          "comment2": ""
        },
        {
          "disabled": false,
          "folded": false,
          "type": "BuiltinCommonInstructions::Standard",
          "conditions": [
            {
              "type": {
                "inverted": false,
                "value": "CollisionNP"
              },
              "parameters": [
                "Bullet",
                "Enemy",
                "",
                "",
                ""
              ],
              "subInstructions": []
            }
          ],
          "actions": [
            {
              "type": {
                "inverted": false,
                "value": "Delete"
              },
              "parameters": [
                "Bullet",
                ""
              ],
              "subInstructions": []
            },
            {
              "type": {
                "inverted": false,
                "value": "MettreY"
              },
              "parameters": [
                "Enemy",
                "=",
                "RandomInRange(-300, -100)"
              ],
              "subInstructions": []
            },
            {
              "type": {
                "inverted": false,
                "value": "MettreX"
              },
              "parameters": [
                "Enemy",
                "=",
                "RandomInRange(0, 750)"
              ],
              "subInstructions": []
            },
            {
              "type": {
                "inverted": false,
                "value": "ModVarGlobal"
              },
              "parameters": [
                "Score",
                "+",
                "5"
              ],
              "subInstructions": []
            },
            {
              "type": {
                "inverted": false,
                "value": "TextObject::String"
              },
              "parameters": [
                "Score",
                "=",
                "\"Score: \"+ToString(GlobalVariable(Score))"
              ],
              "subInstructions": []
            }
          ],
          "events": []
        },
        {
          "disabled": false,
          "folded": false,
          "type": "BuiltinCommonInstructions::Standard",
          "conditions": [
            {
              "type": {
                "inverted": false,
                "value": "CollisionNP"
              },
              "parameters": [
                "Enemy",
                "Enemy",
                "",
                "",
                ""
              ],
              "subInstructions": []
            }
          ],
          "actions": [
            {
              "type": {
                "inverted": false,
                "value": "MettreX"
              },
              "parameters": [
                "Enemy",
                "=",
                "RandomInRange(0, 750)"
              ],
              "subInstructions": []
            }
          ],
          "events": []
        },
        {
          "disabled": false,
          "folded": false,
          "type": "BuiltinCommonInstructions::Standard",
          "conditions": [
            {
              "type": {
                "inverted": false,
                "value": "PosY"
              },
              "parameters": [
                "Bullet",
                "<",
                "0"
              ],
              "subInstructions": []
            }
          ],
          "actions": [
            {
              "type": {
                "inverted": false,
                "value": "Delete"
              },
              "parameters": [
                "Bullet",
                ""
              ],
              "subInstructions": []
            }
          ],
          "events": []
        },
        {
          "disabled": false,
          "folded": false,
          "type": "BuiltinCommonInstructions::Comment",
          "color": {
            "b": 109,
            "g": 230,
            "r": 255,
            "textB": 0,
            "textG": 0,
            "textR": 0
          },
          "comment": "Enemy Movement",
          "comment2": ""
        },
        {
          "disabled": false,
          "folded": false,
          "type": "BuiltinCommonInstructions::Standard",
          "conditions": [],
          "actions": [
            {
              "type": {
                "inverted": false,
                "value": "AddForceXY"
              },
              "parameters": [
                "Enemy",
                "0",
                "30",
                ""
              ],
              "subInstructions": []
            }
          ],
          "events": []
        }
      ],
      "layers": [
        {
          "ambientLightColorB": 0,
          "ambientLightColorG": 0,
          "ambientLightColorR": 0,
          "followBaseLayerCamera": false,
          "isLightingLayer": false,
          "name": "",
          "visibility": true,
          "cameras": [
            {
              "defaultSize": true,
              "defaultViewport": true,
              "height": 0,
              "viewportBottom": 1,
              "viewportLeft": 0,
              "viewportRight": 1,
              "viewportTop": 0,
              "width": 0
            }
          ],
          "effects": []
        },
        {
          "ambientLightColorB": 1702453580,
          "ambientLightColorG": 0,
          "ambientLightColorR": 12,
          "followBaseLayerCamera": false,
          "isLightingLayer": false,
          "name": "GUI",
          "visibility": true,
          "cameras": [],
          "effects": []
        }
      ],
      "behaviorsSharedData": []
    }
  ],
  "externalEvents": [],
  "eventsFunctionsExtensions": [],
  "externalLayouts": [],
  "externalSourceFiles": []
}